-- phpMyAdmin SQL Dump
-- version 4.8.5
-- https://www.phpmyadmin.net/
--
-- Máy chủ: 127.0.0.1
-- Thời gian đã tạo: Th10 05, 2019 lúc 04:21 PM
-- Phiên bản máy phục vụ: 10.1.38-MariaDB
-- Phiên bản PHP: 7.3.2

SET SQL_MODE = "NO_AUTO_VALUE_ON_ZERO";
SET AUTOCOMMIT = 0;
START TRANSACTION;
SET time_zone = "+00:00";


/*!40101 SET @OLD_CHARACTER_SET_CLIENT=@@CHARACTER_SET_CLIENT */;
/*!40101 SET @OLD_CHARACTER_SET_RESULTS=@@CHARACTER_SET_RESULTS */;
/*!40101 SET @OLD_COLLATION_CONNECTION=@@COLLATION_CONNECTION */;
/*!40101 SET NAMES utf8mb4 */;

--
-- Cơ sở dữ liệu: `pmcit`
--

-- --------------------------------------------------------

--
-- Cấu trúc bảng cho bảng `buoi_th`
--

CREATE TABLE `buoi_th` (
  `id_buoi` bigint(20) NOT NULL,
  `ma_lophp` varchar(255) COLLATE utf8_unicode_ci NOT NULL,
  `thu` varchar(255) COLLATE utf8_unicode_ci NOT NULL,
  `tietbd` varchar(255) COLLATE utf8_unicode_ci NOT NULL,
  `created_at` timestamp NOT NULL DEFAULT CURRENT_TIMESTAMP,
  `updated_at` timestamp NOT NULL DEFAULT CURRENT_TIMESTAMP
) ENGINE=InnoDB DEFAULT CHARSET=utf8 COLLATE=utf8_unicode_ci;

--
-- Đang đổ dữ liệu cho bảng `buoi_th`
--

INSERT INTO `buoi_th` (`id_buoi`, `ma_lophp`, `thu`, `tietbd`, `created_at`, `updated_at`) VALUES
(267, '1_2019 - 2020_CT051H01', '2', '1', '2019-09-26 03:45:35', '2019-09-26 03:45:35'),
(268, '1_2019 - 2020_CT053H01', '3', '6', '2019-09-26 03:46:34', '2019-09-26 03:46:34'),
(269, '1_2019 - 2020_CT101H01', '5', '1', '2019-10-03 06:11:20', '2019-10-03 06:11:20'),
(270, '1_2019 - 2020_CT054H01', '2', '1', '2019-10-06 06:42:55', '2019-10-06 06:42:55'),
(271, '1_2019 - 2020_CT056H01', '3', '1', '2019-10-06 06:50:07', '2019-10-06 06:50:07'),
(272, '1_2019 - 2020_CT102H01', '5', '1', '2019-10-20 21:44:56', '2019-10-20 21:44:56'),
(273, '1_2019 - 2020_CT106H01', '6', '1', '2019-10-20 21:45:53', '2019-10-20 21:45:53'),
(274, '1_2019 - 2020_CT233H01', '5', '4', '2019-10-20 21:47:28', '2019-10-20 21:47:28'),
(275, '1_2019 - 2020_CT221H01', '6', '6', '2019-10-20 21:48:06', '2019-10-20 21:48:06');

-- --------------------------------------------------------

--
-- Cấu trúc bảng cho bảng `can_bo`
--

CREATE TABLE `can_bo` (
  `ma_canbo` varchar(255) COLLATE utf8_unicode_ci NOT NULL,
  `id_account` bigint(20) NOT NULL,
  `ten_cb` varchar(255) COLLATE utf8_unicode_ci NOT NULL,
  `ngay_sinh` varchar(255) COLLATE utf8_unicode_ci NOT NULL,
  `gioi_tinh` varchar(255) COLLATE utf8_unicode_ci NOT NULL,
  `sdt` varchar(255) COLLATE utf8_unicode_ci NOT NULL,
  `ngay_vao_lam` varchar(255) COLLATE utf8_unicode_ci NOT NULL,
  `created_at` timestamp NOT NULL DEFAULT CURRENT_TIMESTAMP,
  `updated_at` timestamp NOT NULL DEFAULT CURRENT_TIMESTAMP
) ENGINE=InnoDB DEFAULT CHARSET=utf8 COLLATE=utf8_unicode_ci COMMENT='gioi_tinh';

--
-- Đang đổ dữ liệu cho bảng `can_bo`
--

INSERT INTO `can_bo` (`ma_canbo`, `id_account`, `ten_cb`, `ngay_sinh`, `gioi_tinh`, `sdt`, `ngay_vao_lam`, `created_at`, `updated_at`) VALUES
('100003', 882, 'TS. Phạm Thế Phi', '01/01/1980', 'Nam', '(+84) 9696986536', '15/01/2010', '2019-09-18 00:59:38', '2019-09-18 00:59:38'),
('100004', 883, 'TS. Trần Công Án', '01/01/1980', 'Nam', '(+84) 9266526536', '15/01/2010', '2019-09-18 00:59:38', '2019-09-18 00:59:38'),
('100005', 884, 'TS. Trần Ngân Bình', '01/01/1980', 'Nam', '(+84) 9696986536', '15/01/2010', '2019-09-18 00:59:39', '2019-09-18 00:59:39'),
('100006', 885, 'TS. Lâm Nhựt Khang ', '01/01/1980', 'Nữ', '(+84) 9266526536', '15/01/2010', '2019-09-18 00:59:39', '2019-09-18 00:59:39'),
('100007', 886, 'TS. Thái Minh Tuấn', '01/01/1980', 'Nam', '(+84) 9696986536', '15/01/2010', '2019-09-18 00:59:39', '2019-09-18 00:59:39'),
('100008', 887, 'NCS. Bùi Võ Quốc Bảo ', '01/01/1980', 'Nam', '(+84) 9266526536', '15/01/2010', '2019-09-18 00:59:39', '2019-09-18 00:59:39'),
('100009', 888, 'Ths. Phạm Thị Xuân Diễm ', '01/01/1980', 'Nữ', '(+84) 9696986536', '15/01/2010', '2019-09-18 00:59:39', '2019-09-18 00:59:39'),
('100010', 889, 'Ths. Nguyễn Ngọc Mỹ', '01/01/1980', 'Nam', '(+84) 9266526536', '15/01/2010', '2019-09-18 00:59:39', '2019-09-18 00:59:39'),
('100011', 890, 'ThS. GVC. Phan Tấn Tài', '01/01/1980', 'Nam', '(+84) 9696986536', '15/01/2010', '2019-09-18 00:59:39', '2019-09-18 00:59:39'),
('100012', 891, 'PGS. TS. Nguyễn Thái Nghe', '01/01/1980', 'Nam', '(+84) 9266526536', '15/01/2010', '2019-09-18 00:59:39', '2019-09-18 00:59:39'),
('100013', 892, 'TS. Phạm Thị Ngọc Diễm', '01/01/1980', 'Nữ', '(+84) 9696986536', '15/01/2010', '2019-09-18 00:59:40', '2019-09-18 00:59:40'),
('100014', 893, 'TS. Trương Quốc Định', '01/01/1980', 'Nam', '(+84) 9266526536', '15/01/2010', '2019-09-18 00:59:40', '2019-09-18 00:59:40'),
('100015', 894, 'TS. Nguyễn Thị Thu An', '01/01/1980', 'Nữ', '(+84) 9696986536', '15/01/2010', '2019-09-18 00:59:40', '2019-09-18 00:59:40'),
('100016', 895, 'NCS. Trần Nguyễn Minh Thái', '01/01/1980', 'Nam', '(+84) 9266526536', '15/01/2010', '2019-09-18 00:59:40', '2019-09-18 00:59:40'),
('100017', 896, 'TS. Nguyễn Thanh Hải', '01/01/1980', 'Nam', '(+84) 9696986536', '15/01/2010', '2019-09-18 00:59:40', '2019-09-18 00:59:40'),
('100018', 897, 'Ths. Bùi Đăng Hà Phương', '01/01/1980', 'Nữ', '(+84) 9266526536', '15/01/2010', '2019-09-18 00:59:40', '2019-09-18 00:59:40'),
('100019', 898, 'Ths. Nguyễn Minh Khiêm', '01/01/1980', 'Nam', '(+84) 9696986536', '15/01/2010', '2019-09-18 00:59:40', '2019-09-18 00:59:40'),
('100020', 899, 'Ths. Phạm Ngọc Quyền', '01/01/1980', 'Nữ', '(+84) 9266526536', '15/01/2010', '2019-09-18 00:59:41', '2019-09-18 00:59:41'),
('100021', 900, 'Ths. GVC Võ Huỳnh Trâm', '01/01/1980', 'Nữ', '(+84) 9696986536', '15/01/2010', '2019-09-18 00:59:41', '2019-09-18 00:59:41'),
('100022', 901, 'TS. Trương Minh Thái', '01/01/1980', 'Nam', '(+84) 9266526536', '15/01/2010', '2019-09-18 00:59:41', '2019-09-18 00:59:41'),
('100023', 902, 'PGS. TS. Huỳnh Xuân Hiệp', '01/01/1980', 'Nam', '(+84) 9696986536', '15/01/2010', '2019-09-18 00:59:41', '2019-09-18 00:59:41'),
('100024', 903, 'Ths. Trương Thị Thanh Tuyền', '01/01/1980', 'Nữ', '(+84) 9266526536', '15/01/2010', '2019-09-18 00:59:41', '2019-09-18 00:59:41'),
('100025', 904, 'TS. Lâm Hoài Bảo', '01/01/1980', 'Nam', '(+84) 9696986536', '15/01/2010', '2019-09-18 00:59:41', '2019-09-18 00:59:41'),
('100026', 905, 'Ths. Phan Huy Cường', '01/01/1980', 'Nam', '(+84) 9266526536', '15/01/2010', '2019-09-18 00:59:41', '2019-09-18 00:59:41'),
('100027', 906, 'TS. Huỳnh Quang Nghi', '01/01/1980', 'Nam', '(+84) 9696986536', '15/01/2010', '2019-09-18 00:59:42', '2019-09-18 00:59:42'),
('100028', 907, 'Ths. Cao Hoàng Giang (NCS)', '01/01/1980', 'Nam', '(+84) 9266526536', '15/01/2010', '2019-09-18 00:59:42', '2019-09-18 00:59:42'),
('100029', 908, 'Ths. Phạm Thị Trúc Phương', '01/01/1980', 'Nữ', '(+84) 9696986536', '15/01/2010', '2019-09-18 00:59:42', '2019-09-18 00:59:42'),
('100030', 909, 'Ths. Phan Phương Lan (NCS)', '01/01/1980', 'Nữ', '(+84) 9266526536', '15/01/2010', '2019-09-18 00:59:42', '2019-09-18 00:59:42'),
('100031', 910, 'TS. Nguyễn Công Danh ', '01/01/1980', 'Nam', '(+84) 9696986536', '15/01/2010', '2019-09-18 00:59:42', '2019-09-18 00:59:42'),
('100032', 911, 'Ths. Trần Văn Hoàng (NCS)', '01/01/1980', 'Nam', '(+84) 9266526536', '15/01/2010', '2019-09-18 00:59:42', '2019-09-18 00:59:42'),
('100033', 912, 'NCS. Hồ Quang Thái', '01/01/1980', 'Nam', '(+84) 9696986536', '15/01/2010', '2019-09-18 00:59:42', '2019-09-18 00:59:42'),
('100034', 913, 'PGS. TS. Đỗ Thanh Nghị', '01/01/1980', 'Nam', '(+84) 9266526536', '15/01/2010', '2019-09-18 00:59:43', '2019-09-18 00:59:43'),
('100035', 914, 'Ths. GVC Nguyễn Công Huy', '01/01/1980', 'Nam', '(+84) 9696986536', '15/01/2010', '2019-09-18 00:59:43', '2019-09-18 00:59:43'),
('100036', 915, 'Ts. Ngô Bá Hùng', '01/01/1980', 'Nam', '(+84) 9266526536', '15/01/2010', '2019-09-18 00:59:43', '2019-09-18 00:59:43'),
('100037', 916, 'Ths. Phạm Hữu Tài', '01/01/1980', 'Nam', '(+84) 9696986536', '15/01/2010', '2019-09-18 00:59:43', '2019-09-18 00:59:43'),
('100038', 917, 'Ts. Phan Thượng Cang ', '01/01/1980', 'Nam', '(+84) 9266526536', '15/01/2010', '2019-09-18 00:59:43', '2019-09-18 00:59:43'),
('100039', 918, 'Ks. Nguyễn Trọng Nghĩa', '01/01/1980', 'Nam', '(+84) 9696986536', '15/01/2010', '2019-09-18 00:59:43', '2019-09-18 00:59:43'),
('100040', 919, 'NCS. Lâm Chí Nguyện', '01/01/1980', 'Nam', '(+84) 9266526536', '15/01/2010', '2019-09-18 00:59:43', '2019-09-18 00:59:43'),
('100041', 920, 'Ths. Nguyễn Cao Hồng Ngọc', '01/01/1980', 'Nữ', '(+84) 9696986536', '15/01/2010', '2019-09-18 00:59:44', '2019-09-18 00:59:44'),
('100042', 921, 'NCS. Hà Duy An', '01/01/1980', 'Nam', '(+84) 9266526536', '15/01/2010', '2019-09-18 00:59:44', '2019-09-18 00:59:44'),
('100043', 922, 'Ths. Nguyễn Hữu Vân Long', '01/01/1980', 'Nam', '(+84) 9696986536', '15/01/2010', '2019-09-18 00:59:44', '2019-09-18 00:59:44'),
('100044', 923, 'Ks. Triệu Thanh Ngoan', '01/01/1980', 'Nam', '(+84) 9266526536', '15/01/2010', '2019-09-18 00:59:44', '2019-09-18 00:59:44'),
('100045', 924, 'NCS. Trần Thị Tố Quyên', '01/01/1980', 'Nữ', '(+84) 9696986536', '15/01/2010', '2019-09-18 00:59:44', '2019-09-18 00:59:44'),
('100046', 925, 'PGS. TS. Phạm Nguyên Khang', '01/01/1980', 'Nam', '(+84) 9266526536', '15/01/2010', '2019-09-18 00:59:44', '2019-09-18 00:59:44'),
('100047', 926, 'TS. Trần Nguyễn Minh Thư', '01/01/1980', 'Nữ', '(+84) 9696986536', '15/01/2010', '2019-09-18 00:59:44', '2019-09-18 00:59:44'),
('100048', 927, 'TS.  GVC Lê Quyết Thắng', '01/01/1980', 'Nam', '(+84) 9266526536', '15/01/2010', '2019-09-18 00:59:45', '2019-09-18 00:59:45'),
('100049', 928, 'Ths. Phạm Xuân Hiền', '01/01/1980', 'Nam', '(+84) 9696986536', '15/01/2010', '2019-09-18 00:59:45', '2019-09-18 00:59:45'),
('100050', 929, 'Ths. Phạm Nguyên Hoàng', '01/01/1980', 'Nam', '(+84) 9266526536', '15/01/2010', '2019-09-18 00:59:45', '2019-09-18 00:59:45'),
('100051', 930, 'Ths. Lê Thị Phương Dung', '01/01/1980', 'Nữ', '(+84) 9696986536', '15/01/2010', '2019-09-18 00:59:45', '2019-09-18 00:59:45'),
('100052', 931, 'NCS. Nguyễn Bá Diệp', '01/01/1980', 'Nam', '(+84) 9266526536', '15/01/2010', '2019-09-18 00:59:45', '2019-09-18 00:59:45'),
('100053', 932, 'Ths. Võ Trí Thức', '01/01/1980', 'Nam', '(+84) 9696986536', '15/01/2010', '2019-09-18 00:59:45', '2019-09-18 00:59:45'),
('100054', 933, 'TS. Trần Việt Châu', '01/01/1980', 'Nam', '(+84) 9266526536', '15/01/2010', '2019-09-18 00:59:45', '2019-09-18 00:59:45'),
('100055', 934, 'Ths.Trần Nguyễn Dương Chi', '01/01/1980', 'Nữ', '(+84) 9696986536', '15/01/2010', '2019-09-18 00:59:46', '2019-09-18 00:59:46'),
('100056', 935, 'TS. GVC. Nguyễn Hữu Hòa', '01/01/1980', 'Nam', '(+84) 9266526536', '15/01/2010', '2019-09-18 00:59:46', '2019-09-18 00:59:46'),
('100057', 936, 'TS. GVC. Nguyễn Nhị Gia Vinh', '01/01/1980', 'Nam', '(+84) 9696986536', '15/01/2010', '2019-09-18 00:59:46', '2019-09-18 00:59:46'),
('100058', 937, 'ThS. GVC. Nguyễn Đức Khoa   ', '01/01/1980', 'Nam', '(+84) 9266526536', '15/01/2010', '2019-09-18 00:59:46', '2019-09-18 00:59:46'),
('100059', 938, 'ThS. Hồ Văn Tú', '01/01/1980', 'Nam', '(+84) 9696986536', '15/01/2010', '2019-09-18 00:59:46', '2019-09-18 00:59:46'),
('100060', 939, 'TS. Bùi Quốc Chính', '01/01/1980', 'Nam', '(+84) 9266526536', '15/01/2010', '2019-09-18 00:59:46', '2019-09-18 00:59:46'),
('100061', 940, 'ThS. GVC. Nguyễn Minh Trung', '01/01/1980', 'Nam', '(+84) 9696986536', '15/01/2010', '2019-09-18 00:59:46', '2019-09-18 00:59:46'),
('100062', 941, 'ThS. GVC. Vũ Duy Linh     ', '01/01/1980', 'Nam', '(+84) 9266526536', '15/01/2010', '2019-09-18 00:59:47', '2019-09-18 00:59:47'),
('100063', 942, 'ThS. Lê Thị Diễm', '01/01/1980', 'Nữ', '(+84) 9696986536', '15/01/2010', '2019-09-18 00:59:47', '2019-09-18 00:59:47'),
('100064', 943, 'ThS. Huỳnh Phụng Toàn', '01/01/1980', 'Nam', '(+84) 9266526536', '15/01/2010', '2019-09-18 00:59:47', '2019-09-18 00:59:47'),
('100065', 944, 'ThS. Hoàng Minh Trí', '01/01/1980', 'Nam', '(+84) 9696986536', '15/01/2010', '2019-09-18 00:59:47', '2019-09-18 00:59:47'),
('100066', 945, 'ThS. Nguyễn Thị Thùy Linh', '01/01/1980', 'Nữ', '(+84) 9266526536', '15/01/2010', '2019-09-18 00:59:47', '2019-09-18 00:59:47'),
('100067', 946, 'ThS. Lê Minh Lý', '01/01/1980', 'Nam', '(+84) 9696986536', '15/01/2010', '2019-09-18 00:59:47', '2019-09-18 00:59:47'),
('100068', 947, 'ThS. Đặng Mỹ Hạnh', '01/01/1980', 'Nữ', '(+84) 9266526536', '15/01/2010', '2019-09-18 00:59:47', '2019-09-18 00:59:47'),
('100069', 948, 'ThS. Phạm Trương Hồng Ngân', '01/01/1980', 'Nữ', '(+84) 9696986536', '15/01/2010', '2019-09-18 00:59:48', '2019-09-18 00:59:48'),
('100070', 949, 'ThS. Võ Hải Đăng                ', '01/01/1980', 'Nam', '(+84) 9266526536', '15/01/2010', '2019-09-18 00:59:48', '2019-09-18 00:59:48'),
('100071', 950, 'ThS. Lê Văn Quan', '01/01/1980', 'Nam', '(+84) 9696986536', '15/01/2010', '2019-09-18 00:59:48', '2019-09-18 00:59:48'),
('100072', 951, 'KTV. Nguyễn Phúc Lộc', '01/01/1980', 'Nam', '(+84) 9266526536', '15/01/2010', '2019-09-18 00:59:48', '2019-09-18 00:59:48'),
('100073', 952, 'Ths. Nguyễn Thị Thủy Chung', '01/01/1980', 'Nữ', '(+84) 9266526536', '15/01/2010', '2019-09-18 00:59:48', '2019-09-18 00:59:48'),
('100074', 953, 'TC Trị', '01/01/1980', 'Nam', '(+84) 9266526536', '15/01/2010', '2019-09-18 00:59:48', '2019-09-18 00:59:48'),
('100075', 954, 'QM Quân', '01/01/1980', 'Nam', '(+84) 9266526536', '15/01/2010', '2019-09-18 00:59:48', '2019-09-18 00:59:48'),
('100076', 955, 'HT Hảo', '01/01/1980', 'Nam', '(+84) 9266526536', '15/01/2010', '2019-09-18 00:59:49', '2019-09-18 00:59:49'),
('100077', 956, 'ĐH Tuấn', '01/01/1980', 'Nam', '(+84) 9266526536', '15/01/2010', '2019-09-18 00:59:49', '2019-09-18 00:59:49'),
('100078', 957, 'NP Lộc', '01/01/1980', 'Nam', '(+84) 9266526536', '15/01/2010', '2019-09-18 00:59:49', '2019-09-18 00:59:49');

-- --------------------------------------------------------

--
-- Cấu trúc bảng cho bảng `chitiet_yc`
--

CREATE TABLE `chitiet_yc` (
  `id_chitietyc` bigint(20) NOT NULL,
  `ma_canbo` varchar(255) COLLATE utf8_unicode_ci NOT NULL,
  `id_yeucau` bigint(20) NOT NULL,
  `ma_lophp` varchar(255) COLLATE utf8_unicode_ci NOT NULL,
  `thu` varchar(255) COLLATE utf8_unicode_ci NOT NULL,
  `buoi` varchar(255) COLLATE utf8_unicode_ci NOT NULL,
  `created_at` timestamp NOT NULL DEFAULT CURRENT_TIMESTAMP,
  `updated_at` timestamp NOT NULL DEFAULT CURRENT_TIMESTAMP
) ENGINE=InnoDB DEFAULT CHARSET=utf8 COLLATE=utf8_unicode_ci;

--
-- Đang đổ dữ liệu cho bảng `chitiet_yc`
--

INSERT INTO `chitiet_yc` (`id_chitietyc`, `ma_canbo`, `id_yeucau`, `ma_lophp`, `thu`, `buoi`, `created_at`, `updated_at`) VALUES
(20, '100003', 22, '1_2019 - 2020_CT054H01', '3', 'Tối', '2019-10-13 00:55:21', '2019-10-13 00:55:21'),
(22, '100003', 23, '1_2019 - 2020_CT221H01', '5', 'Sáng', '2019-10-20 21:50:27', '2019-10-20 21:50:27'),
(23, '100003', 24, '1_2019 - 2020_CT233H01', '6', 'Sáng', '2019-10-20 21:50:51', '2019-10-20 21:50:51');

-- --------------------------------------------------------

--
-- Cấu trúc bảng cho bảng `diem_danh`
--

CREATE TABLE `diem_danh` (
  `id_dd` bigint(20) NOT NULL,
  `id_sv_lhp` bigint(20) NOT NULL,
  `id_tuanyc` bigint(20) NOT NULL,
  `ma_canbo` varchar(255) COLLATE utf8_unicode_ci NOT NULL,
  `created_at` timestamp NOT NULL DEFAULT CURRENT_TIMESTAMP,
  `updated_at` timestamp NOT NULL DEFAULT CURRENT_TIMESTAMP
) ENGINE=InnoDB DEFAULT CHARSET=utf8 COLLATE=utf8_unicode_ci;

--
-- Đang đổ dữ liệu cho bảng `diem_danh`
--

INSERT INTO `diem_danh` (`id_dd`, `id_sv_lhp`, `id_tuanyc`, `ma_canbo`, `created_at`, `updated_at`) VALUES
(67, 114, 18, '100003', '2019-11-01 08:03:53', '2019-11-01 08:03:53'),
(68, 114, 19, '100003', '2019-11-01 08:26:54', '2019-11-01 08:26:54');

-- --------------------------------------------------------

--
-- Cấu trúc bảng cho bảng `hoc_ky`
--

CREATE TABLE `hoc_ky` (
  `id_hk` bigint(20) NOT NULL,
  `ky_hieu` int(11) NOT NULL,
  `nien_khoa` varchar(255) COLLATE utf8_unicode_ci NOT NULL,
  `ngay_bd` varchar(255) COLLATE utf8_unicode_ci NOT NULL,
  `ngay_kt` varchar(255) COLLATE utf8_unicode_ci NOT NULL,
  `status` varchar(255) COLLATE utf8_unicode_ci DEFAULT 'Expired',
  `created_at` timestamp NOT NULL DEFAULT CURRENT_TIMESTAMP,
  `updated_at` timestamp NOT NULL DEFAULT CURRENT_TIMESTAMP
) ENGINE=InnoDB DEFAULT CHARSET=utf8 COLLATE=utf8_unicode_ci;

--
-- Đang đổ dữ liệu cho bảng `hoc_ky`
--

INSERT INTO `hoc_ky` (`id_hk`, `ky_hieu`, `nien_khoa`, `ngay_bd`, `ngay_kt`, `status`, `created_at`, `updated_at`) VALUES
(13, 1, '2019 - 2020', '05/08/2019', '05/12/2019', 'Now', '2019-09-26 03:44:34', '2019-09-26 03:48:23');

-- --------------------------------------------------------

--
-- Cấu trúc bảng cho bảng `lop`
--

CREATE TABLE `lop` (
  `ma_lop` varchar(255) COLLATE utf8_unicode_ci NOT NULL,
  `ten_lop` varchar(255) COLLATE utf8_unicode_ci NOT NULL,
  `ma_nganh` varchar(255) COLLATE utf8_unicode_ci NOT NULL,
  `created_at` timestamp NOT NULL DEFAULT CURRENT_TIMESTAMP,
  `updated_at` timestamp NOT NULL DEFAULT CURRENT_TIMESTAMP
) ENGINE=InnoDB DEFAULT CHARSET=utf8 COLLATE=utf8_unicode_ci;

--
-- Đang đổ dữ liệu cho bảng `lop`
--

INSERT INTO `lop` (`ma_lop`, `ten_lop`, `ma_nganh`, `created_at`, `updated_at`) VALUES
('A1', 'THUD A1', 'H1', '2019-09-17 03:20:48', '2019-09-17 03:20:48'),
('A2', 'THUD A1', 'H1', '2019-09-19 01:05:46', '2019-09-19 01:05:46'),
('H1A1', 'THUD A1', 'H1', '2019-09-19 01:06:23', '2019-09-19 01:06:23'),
('H1A2', 'Ahihi Ahuhu', 'H1', '2019-09-19 02:35:19', '2019-09-19 02:35:19');

-- --------------------------------------------------------

--
-- Cấu trúc bảng cho bảng `lop_hp`
--

CREATE TABLE `lop_hp` (
  `ma_lophp` varchar(255) COLLATE utf8_unicode_ci NOT NULL,
  `ma_canbo` varchar(255) COLLATE utf8_unicode_ci NOT NULL,
  `ma_mon` varchar(255) COLLATE utf8_unicode_ci NOT NULL,
  `ten_lophp` varchar(255) COLLATE utf8_unicode_ci NOT NULL,
  `real_ma_lhp` varchar(255) COLLATE utf8_unicode_ci NOT NULL,
  `so_buoi_th` int(11) NOT NULL,
  `so_luong_sv` int(11) DEFAULT NULL,
  `id_hk` bigint(20) DEFAULT NULL,
  `ky_hieu` int(11) DEFAULT NULL,
  `nien_khoa` varchar(255) COLLATE utf8_unicode_ci DEFAULT NULL,
  `created_at` timestamp NOT NULL DEFAULT CURRENT_TIMESTAMP,
  `updated_at` timestamp NOT NULL DEFAULT CURRENT_TIMESTAMP
) ENGINE=InnoDB DEFAULT CHARSET=utf8 COLLATE=utf8_unicode_ci;

--
-- Đang đổ dữ liệu cho bảng `lop_hp`
--

INSERT INTO `lop_hp` (`ma_lophp`, `ma_canbo`, `ma_mon`, `ten_lophp`, `real_ma_lhp`, `so_buoi_th`, `so_luong_sv`, `id_hk`, `ky_hieu`, `nien_khoa`, `created_at`, `updated_at`) VALUES
('1_2019 - 2020_CT051H01', '100039', 'CT051H', 'VTP01', 'CT051H01', 18, 7, 13, 1, '2019 - 2020', '2019-09-26 03:45:35', '2019-10-20 21:49:31'),
('1_2019 - 2020_CT053H01', '100077', 'CT053H', 'XSTK01', 'CT053H01', 20, 5, 13, 1, '2019 - 2020', '2019-09-26 03:46:34', '2019-10-20 21:49:31'),
('1_2019 - 2020_CT054H01', '100003', 'CT054H', 'Lập trình căn bản A', 'CT054H01', 12, 3, 13, 1, '2019 - 2020', '2019-10-06 06:42:55', '2019-10-20 21:49:31'),
('1_2019 - 2020_CT056H01', '100003', 'CT056H', 'Kỹ năng thuyết trình 01', 'CT056H01', 15, 6, 13, 1, '2019 - 2020', '2019-10-06 06:50:07', '2019-10-20 21:49:31'),
('1_2019 - 2020_CT101H01', '100027', 'CT101', 'Lập trình căn bản A', 'CT101H01', 6, 4, 13, 1, '2019 - 2020', '2019-10-03 06:11:20', '2019-10-20 21:49:31'),
('1_2019 - 2020_CT102H01', '100023', 'CT102H', 'CTDL', 'CT102H01', 6, 0, 13, 1, '2019 - 2020', '2019-10-20 21:44:56', '2019-10-20 21:49:31'),
('1_2019 - 2020_CT106H01', '100023', 'CT106H', 'MMT', 'CT106H01', 5, 0, 13, 1, '2019 - 2020', '2019-10-20 21:45:52', '2019-10-20 21:49:31'),
('1_2019 - 2020_CT221H01', '100003', 'CT211', 'ANM', 'CT221H01', 4, 0, 13, 1, '2019 - 2020', '2019-10-20 21:48:06', '2019-10-20 21:49:31'),
('1_2019 - 2020_CT233H01', '100003', 'CT233', 'DTDM', 'CT233H01', 6, 0, 13, 1, '2019 - 2020', '2019-10-20 21:47:28', '2019-10-20 21:49:31');

-- --------------------------------------------------------

--
-- Cấu trúc bảng cho bảng `mon_hoc`
--

CREATE TABLE `mon_hoc` (
  `ma_mon` varchar(255) COLLATE utf8_unicode_ci NOT NULL,
  `ten_mon` varchar(255) COLLATE utf8_unicode_ci NOT NULL,
  `tin_chi` int(11) NOT NULL,
  `so_tiet_lt` int(11) NOT NULL,
  `so_tiet_th` int(11) NOT NULL,
  `created_at` timestamp NOT NULL DEFAULT CURRENT_TIMESTAMP,
  `updated_at` timestamp NOT NULL DEFAULT CURRENT_TIMESTAMP
) ENGINE=InnoDB DEFAULT CHARSET=utf8 COLLATE=utf8_unicode_ci;

--
-- Đang đổ dữ liệu cho bảng `mon_hoc`
--

INSERT INTO `mon_hoc` (`ma_mon`, `ten_mon`, `tin_chi`, `so_tiet_lt`, `so_tiet_th`, `created_at`, `updated_at`) VALUES
('CT051H', 'Vi - Tích phân', 4, 30, 30, '2019-09-17 03:28:41', '2019-09-17 03:28:41'),
('CT052H', 'Đại số tuyến tính và hình học', 3, 30, 30, '2019-09-17 03:28:41', '2019-09-17 03:28:41'),
('CT053H', 'Xác suất thống kê', 3, 30, 30, '2019-09-17 03:28:41', '2019-09-17 03:28:41'),
('CT054H', 'Lập trình căn bản A', 4, 30, 30, '2019-09-17 03:28:41', '2019-09-17 03:28:41'),
('CT055H', 'Kỹ năng giao tiếp', 1, 30, 30, '2019-09-17 03:28:41', '2019-09-17 03:28:41'),
('CT056H', 'Kỹ năng thuyết trình', 1, 30, 30, '2019-09-17 03:28:41', '2019-09-17 03:28:41'),
('CT057H', 'Kỹ năng làm việc nhóm', 1, 30, 30, '2019-09-17 03:28:41', '2019-09-17 03:28:41'),
('CT058H', 'Kỹ năng giải quyết vấn đề', 1, 30, 30, '2019-09-17 03:28:41', '2019-09-17 03:28:41'),
('CT059H', 'Kỹ năng tư duy phản biện', 1, 30, 30, '2019-09-17 03:28:41', '2019-09-17 03:28:41'),
('CT101', 'Lập trình căn bản A', 4, 30, 30, '2019-09-17 03:28:41', '2019-09-17 03:28:41'),
('CT101H', 'Toán cho khoa học máy tính', 4, 30, 30, '2019-09-17 03:28:41', '2019-09-17 03:28:41'),
('CT102H', 'Cấu trúc dữ liệu', 4, 30, 30, '2019-09-17 03:28:41', '2019-09-17 03:28:41'),
('CT103', 'Cấu trúc dữ liệu', 4, 30, 30, '2019-09-17 03:28:41', '2019-09-17 03:28:41'),
('CT103H', 'Nền tảng công nghệ thông tin', 3, 30, 30, '2019-09-17 03:28:41', '2019-09-17 03:28:41'),
('CT104H', 'Nguyên lý hệ điều hành', 3, 30, 30, '2019-09-17 03:28:41', '2019-09-17 03:28:41'),
('CT105H', 'Quản trị hệ thống', 3, 30, 30, '2019-09-17 03:28:41', '2019-09-17 03:28:41'),
('CT106H', 'Mạng máy tính', 3, 30, 30, '2019-09-17 03:28:41', '2019-09-17 03:28:41'),
('CT107H', 'Nhập môn công nghệ phần mềm', 3, 30, 30, '2019-09-17 03:28:41', '2019-09-17 03:28:41'),
('CT108H', 'Lập trình hướng đối tượng', 3, 30, 30, '2019-09-17 03:28:41', '2019-09-17 03:28:41'),
('CT109', 'Phân tích và thiết kế hệ thống TT', 3, 30, 30, '2019-09-17 03:28:41', '2019-09-17 03:28:41'),
('CT109H', 'Phân tích và thiết kế thuật toán', 3, 30, 30, '2019-09-17 03:28:41', '2019-09-17 03:28:41'),
('CT110H', 'Phương pháp dạy học cơ sở dữ liệu', 3, 30, 30, '2019-09-17 03:28:41', '2019-09-17 03:28:41'),
('CT111H', 'Kỹ năng học đại học', 3, 30, 30, '2019-09-17 03:28:41', '2019-09-17 03:28:41'),
('CT112', 'Mạng máy tính', 3, 30, 30, '2019-09-17 03:28:41', '2019-09-17 03:28:41'),
('CT112H', 'Phân tích và thiết kế hệ thống', 3, 30, 30, '2019-09-17 03:28:41', '2019-09-17 03:28:41'),
('CT121', 'Tin học lý thuyết', 3, 30, 30, '2019-09-17 03:28:41', '2019-09-17 03:28:41'),
('CT123', 'Quy hoạch tuyến tính - CNTT', 2, 30, 30, '2019-09-17 03:28:41', '2019-09-17 03:28:41'),
('CT124', 'Phương pháp tính - CNTT', 2, 30, 30, '2019-09-17 03:28:41', '2019-09-17 03:28:41'),
('CT125', 'Mô phỏng', 2, 30, 30, '2019-09-17 03:28:41', '2019-09-17 03:28:41'),
('CT126', 'Lý thuyết xếp hàng', 2, 30, 30, '2019-09-17 03:28:41', '2019-09-17 03:28:41'),
('CT127', 'Lý thuyết thông tin', 2, 30, 30, '2019-09-17 03:28:41', '2019-09-17 03:28:41'),
('CT171', 'Nhập môn công nghệ phần mềm', 3, 30, 30, '2019-09-17 03:28:41', '2019-09-17 03:28:41'),
('CT172', 'Toán rời rạc', 4, 30, 30, '2019-09-17 03:28:41', '2019-09-17 03:28:41'),
('CT173', 'Kiến trúc máy tính', 3, 30, 30, '2019-09-17 03:28:41', '2019-09-17 03:28:41'),
('CT174', 'Phân tích và thiết kế thuật toán', 3, 30, 30, '2019-09-17 03:28:41', '2019-09-17 03:28:41'),
('CT175', 'Lý thuyết đồ thị', 3, 30, 30, '2019-09-17 03:28:41', '2019-09-17 03:28:41'),
('CT176', 'Lập trình hướng đối tượng', 3, 30, 30, '2019-09-17 03:28:41', '2019-09-17 03:28:41'),
('CT178', 'Nguyên lý hệ điều hành', 3, 30, 30, '2019-09-17 03:28:41', '2019-09-17 03:28:41'),
('CT179', 'Quản trị hệ thống', 3, 30, 30, '2019-09-17 03:28:41', '2019-09-17 03:28:41'),
('CT180', 'Cơ sở dữ liệu', 3, 30, 30, '2019-09-17 03:28:41', '2019-09-17 03:28:41'),
('CT181', 'Hệ thống thông tin doanh nghiệp', 3, 30, 30, '2019-09-17 03:28:41', '2019-09-17 03:28:41'),
('CT182', 'Ngôn ngữ mô hình hóa', 3, 30, 30, '2019-09-17 03:28:41', '2019-09-17 03:28:41'),
('CT183', 'Anh văn chuyên môn CNTT 1', 3, 30, 30, '2019-09-17 03:28:41', '2019-09-17 03:28:41'),
('CT184', 'Anh văn chuyên môn CNTT 2', 3, 30, 30, '2019-09-17 03:28:41', '2019-09-17 03:28:41'),
('CT185', 'Pháp văn chuyên môn CNTT 1', 3, 30, 30, '2019-09-17 03:28:41', '2019-09-17 03:28:41'),
('CT186', 'Pháp văn chuyên môn CNTT 2', 3, 30, 30, '2019-09-17 03:28:41', '2019-09-17 03:28:41'),
('CT187', 'Nền tảng công nghệ thông tin', 3, 30, 30, '2019-09-17 03:28:41', '2019-09-17 03:28:41'),
('CT201', 'Niên luận cơ sở ngành Khoa học máy tính', 3, 30, 30, '2019-09-17 03:28:41', '2019-09-17 03:28:41'),
('CT201H', 'An ninh máy tính', 3, 30, 30, '2019-09-17 03:28:41', '2019-09-17 03:28:41'),
('CT202', 'Nguyên lý máy học', 3, 30, 30, '2019-09-17 03:28:41', '2019-09-17 03:28:41'),
('CT202H', 'Tương tác người máy', 3, 30, 30, '2019-09-17 03:28:41', '2019-09-17 03:28:41'),
('CT203', 'Đồ họa máy tính', 3, 30, 30, '2019-09-17 03:28:41', '2019-09-17 03:28:41'),
('CT203H', 'Quản lý dự án phần mềm', 3, 30, 30, '2019-09-17 03:28:41', '2019-09-17 03:28:41'),
('CT204', 'An toàn và bảo mật thông tin', 3, 30, 30, '2019-09-17 03:28:41', '2019-09-17 03:28:41'),
('CT204H', 'Điện toán đám mây', 3, 30, 30, '2019-09-17 03:28:41', '2019-09-17 03:28:41'),
('CT205', 'Quản trị cơ sở dữ liệu', 3, 30, 30, '2019-09-17 03:28:41', '2019-09-17 03:28:41'),
('CT205H', 'Nguyên lý máy học', 3, 30, 30, '2019-09-17 03:28:41', '2019-09-17 03:28:41'),
('CT206', 'Phát triển ứng dụng trên Linux', 3, 30, 30, '2019-09-17 03:28:41', '2019-09-17 03:28:41'),
('CT206H', 'Nguyên lý hệ quản trị cơ sở dữ liệu', 3, 30, 30, '2019-09-17 03:28:41', '2019-09-17 03:28:41'),
('CT207', 'Phát triển phần mềm mã nguồn mở', 3, 30, 30, '2019-09-17 03:28:41', '2019-09-17 03:28:41'),
('CT207H', 'Hệ quản trị cơ sở dữ liệu SQL Server', 3, 30, 30, '2019-09-17 03:28:41', '2019-09-17 03:28:41'),
('CT208', 'Niên luận ngành Khoa học máy tính', 3, 30, 30, '2019-09-17 03:28:41', '2019-09-17 03:28:41'),
('CT208H', 'Hệ quản trị cơ sở dữ liệu Oracle', 3, 30, 30, '2019-09-17 03:28:41', '2019-09-17 03:28:41'),
('CT209', 'Đồ hoạ nâng cao', 3, 30, 30, '2019-09-17 03:28:41', '2019-09-17 03:28:41'),
('CT209H', 'Quản trị mạng trên MS Windows', 3, 30, 30, '2019-09-17 03:28:41', '2019-09-17 03:28:41'),
('CT210', 'Thị giác máy tính', 3, 30, 30, '2019-09-17 03:28:41', '2019-09-17 03:28:41'),
('CT210H', 'Quản trị mạng Linux', 3, 30, 30, '2019-09-17 03:28:41', '2019-09-17 03:28:41'),
('CT211', 'An ninh mạng', 3, 30, 30, '2019-09-17 03:28:41', '2019-09-17 03:28:41'),
('CT211H', 'Phát triển ứng dụng trên Linux', 3, 30, 30, '2019-09-17 03:28:41', '2019-09-17 03:28:41'),
('CT212', 'Quản trị mạng', 3, 30, 30, '2019-09-17 03:28:41', '2019-09-17 03:28:41'),
('CT212H', 'Phát triển ứng dụng trên Windows', 3, 30, 30, '2019-09-17 03:28:41', '2019-09-17 03:28:41'),
('CT213', 'Mật mã nâng cao', 3, 30, 30, '2019-09-17 03:28:41', '2019-09-17 03:28:41'),
('CT213H', 'Phát triển phần mềm mã nguồn mở', 3, 30, 30, '2019-09-17 03:28:41', '2019-09-17 03:28:41'),
('CT214', 'Máy học nâng cao', 3, 30, 30, '2019-09-17 03:28:41', '2019-09-17 03:28:41'),
('CT214H', 'Lập trình Web', 3, 30, 30, '2019-09-17 03:28:41', '2019-09-17 03:28:41'),
('CT215', 'Hệ thống gợi Ý', 3, 30, 30, '2019-09-17 03:28:41', '2019-09-17 03:28:41'),
('CT215H', 'Thực tập thực tế', 2, 30, 30, '2019-09-17 03:28:41', '2019-09-17 03:28:41'),
('CT216', 'Hệ cơ sở tri thức', 3, 30, 30, '2019-09-17 03:28:41', '2019-09-17 03:28:41'),
('CT216H', 'Niên luận cơ sở', 3, 30, 30, '2019-09-17 03:28:41', '2019-09-17 03:28:41'),
('CT217', 'Phân tích dữ liệu trực quan', 3, 30, 30, '2019-09-17 03:28:41', '2019-09-17 03:28:41'),
('CT218', 'Truy vấn thông tin', 3, 30, 30, '2019-09-17 03:28:41', '2019-09-17 03:28:41'),
('CT219', 'Xử lý ngôn ngữ tự nhiên', 3, 30, 30, '2019-09-17 03:28:41', '2019-09-17 03:28:41'),
('CT220', 'Hoạt hình trên máy tính', 3, 30, 30, '2019-09-17 03:28:41', '2019-09-17 03:28:41'),
('CT221', 'Lập trình mạng', 3, 30, 30, '2019-09-17 03:28:41', '2019-09-17 03:28:41'),
('CT222', 'An toàn hệ thống', 3, 30, 30, '2019-09-17 03:28:41', '2019-09-17 03:28:41'),
('CT223', 'Quản lý dự án phần mềm', 3, 30, 30, '2019-09-17 03:28:41', '2019-09-17 03:28:41'),
('CT224', 'Công nghệ J2EE', 2, 30, 30, '2019-09-17 03:28:41', '2019-09-17 03:28:41'),
('CT225', 'Lập trình Python', 2, 30, 30, '2019-09-17 03:28:41', '2019-09-17 03:28:41'),
('CT226', 'Niên luận cơ sở mạng máy tính và truyền thông', 3, 30, 30, '2019-09-17 03:28:41', '2019-09-17 03:28:41'),
('CT227', 'Kỹ thuật phát hiện tấn công mạng', 3, 30, 30, '2019-09-17 03:28:41', '2019-09-17 03:28:41'),
('CT228', 'Tường lửa', 3, 30, 30, '2019-09-17 03:28:41', '2019-09-17 03:28:41'),
('CT229', 'Bảo mật website', 2, 30, 30, '2019-09-17 03:28:41', '2019-09-17 03:28:41'),
('CT230', 'Phát triển ứng dụng hướng dịch vụ', 3, 30, 30, '2019-09-17 03:28:41', '2019-09-17 03:28:41'),
('CT231', 'Lập trình song song', 3, 30, 30, '2019-09-17 03:28:41', '2019-09-17 03:28:41'),
('CT232', 'Đánh giá hiệu năng mạng', 3, 30, 30, '2019-09-17 03:28:41', '2019-09-17 03:28:41'),
('CT233', 'Điện toán đám mây', 3, 30, 30, '2019-09-17 03:28:41', '2019-09-17 03:28:41'),
('CT234', 'Phát triển phần mềm nhúng', 3, 30, 30, '2019-09-17 03:28:41', '2019-09-17 03:28:41'),
('CT235', 'Quản trị mạng trên MS Windows', 3, 30, 30, '2019-09-17 03:28:41', '2019-09-17 03:28:41'),
('CT236', 'Quản trị cơ sở dữ liệu trên Windows', 2, 30, 30, '2019-09-17 03:28:41', '2019-09-17 03:28:41'),
('CT237', 'Nguyên lý hệ quản trị cơ sở dữ liệu', 3, 30, 30, '2019-09-17 03:28:41', '2019-09-17 03:28:41'),
('CT238', 'Phân lớp dữ liệu lớn', 3, 30, 30, '2019-09-17 03:28:41', '2019-09-17 03:28:41'),
('CT239', 'Niên luận cơ sở ngành KTPM', 3, 30, 30, '2019-09-17 03:28:41', '2019-09-17 03:28:41'),
('CT240', 'Nguyên lý xây dựng phần mềm', 3, 30, 30, '2019-09-17 03:28:41', '2019-09-17 03:28:41'),
('CT241', 'Phân tích yêu cầu phần mềm', 3, 30, 30, '2019-09-17 03:28:41', '2019-09-17 03:28:41'),
('CT242', 'Kiến trúc và Thiết kế phần mềm', 3, 30, 30, '2019-09-17 03:28:41', '2019-09-17 03:28:41'),
('CT243', 'Đảm bảo chất lượng và Kiểm thử phần mềm', 4, 30, 30, '2019-09-17 03:28:41', '2019-09-17 03:28:41'),
('CT244', 'Bảo trì phần mềm', 3, 30, 30, '2019-09-17 03:28:41', '2019-09-17 03:28:41'),
('CT245', 'Tương tác người máy', 2, 30, 30, '2019-09-17 03:28:41', '2019-09-17 03:28:41'),
('CT246', '.NET', 3, 30, 30, '2019-09-17 03:28:41', '2019-09-17 03:28:41'),
('CT247', 'Phần triển phần mềm hướng tác tử', 3, 30, 30, '2019-09-17 03:28:41', '2019-09-17 03:28:41'),
('CT248', 'Kỹ thuật số', 2, 30, 30, '2019-09-17 03:28:41', '2019-09-17 03:28:41'),
('CT249', 'Phát triển phần mềm tác nghiệp', 2, 30, 30, '2019-09-17 03:28:41', '2019-09-17 03:28:41'),
('CT250', 'Niên luận ngành Kỹ thuật phần mềm', 3, 30, 30, '2019-09-17 03:28:41', '2019-09-17 03:28:41'),
('CT251', 'Phát triển ứng dụng trên Windows', 3, 30, 30, '2019-09-17 03:28:41', '2019-09-17 03:28:41'),
('CT252', 'Niên luận cơ sở ngành hệ thống thông tin', 3, 30, 30, '2019-09-17 03:28:41', '2019-09-17 03:28:41'),
('CT253', 'Quản trị yêu cầu người dùng', 3, 30, 30, '2019-09-17 03:28:41', '2019-09-17 03:28:41'),
('CT254', 'Bảo mật, an toàn hệ thống thông tin', 3, 30, 30, '2019-09-17 03:28:41', '2019-09-17 03:28:41'),
('CT255', 'Nghiệp vụ thông minh (Business Intelligence )', 3, 30, 30, '2019-09-17 03:28:41', '2019-09-17 03:28:41'),
('CT256', 'Tổng quan về hệ thống thông tin địa lý', 3, 30, 30, '2019-09-17 03:28:41', '2019-09-17 03:28:41'),
('CT257', 'Xây dựng hệ thống thông tin địa lý', 3, 30, 30, '2019-09-17 03:28:41', '2019-09-17 03:28:41'),
('CT258', 'Phát triển hệ thống thương mại điện tử', 3, 30, 30, '2019-09-17 03:28:41', '2019-09-17 03:28:41'),
('CT259', 'Tổng quan về hệ thống e-Learning', 3, 30, 30, '2019-09-17 03:28:41', '2019-09-17 03:28:41'),
('CT260', 'Xây dựng hệ thống e-Learning', 3, 30, 30, '2019-09-17 03:28:41', '2019-09-17 03:28:41'),
('CT261', 'Tổng quan hệ hỗ trợ ra quyết định', 3, 30, 30, '2019-09-17 03:28:41', '2019-09-17 03:28:41'),
('CT262', 'Phát triển hệ thống thông tin quản lý', 3, 30, 30, '2019-09-17 03:28:41', '2019-09-17 03:28:41'),
('CT263', 'Niên luận ngành hệ thống thông tin', 3, 30, 30, '2019-09-17 03:28:41', '2019-09-17 03:28:41'),
('CT264', 'Cơ sơ dữ liệu phân tán', 2, 30, 30, '2019-09-17 03:28:41', '2019-09-17 03:28:41'),
('CT265', 'Hệ CSDL đa phương tiện', 3, 30, 30, '2019-09-17 03:28:41', '2019-09-17 03:28:41'),
('CT266', 'Lập trình Game', 3, 30, 30, '2019-09-17 03:28:41', '2019-09-17 03:28:41'),
('CT267', 'XML', 3, 30, 30, '2019-09-17 03:28:41', '2019-09-17 03:28:41'),
('CT268', 'Hệ quản trị cơ sở dữ liệu SQL Server', 3, 30, 30, '2019-09-17 03:28:41', '2019-09-17 03:28:41'),
('CT269', 'Hệ quản trị cơ sở dữ liệu Oracle', 2, 30, 30, '2019-09-17 03:28:41', '2019-09-17 03:28:41'),
('CT270', 'Niên luận cơ sở - THƯD', 3, 30, 30, '2019-09-17 03:28:41', '2019-09-17 03:28:41'),
('CT271', 'Niên luận cơ sở - CNTT', 3, 30, 30, '2019-09-17 03:28:41', '2019-09-17 03:28:41'),
('CT272', 'Thương mại điện tử - CNTT', 3, 30, 30, '2019-09-17 03:28:41', '2019-09-17 03:28:41'),
('CT273', 'Giao diện người - máy', 3, 30, 30, '2019-09-17 03:28:41', '2019-09-17 03:28:41'),
('CT274', 'Lập trình cho thiết bị di động', 3, 30, 30, '2019-09-17 03:28:41', '2019-09-17 03:28:41'),
('CT275', 'Công nghệ Web', 3, 30, 30, '2019-09-17 03:28:41', '2019-09-17 03:28:41'),
('CT276', 'Java', 3, 30, 30, '2019-09-17 03:28:41', '2019-09-17 03:28:41'),
('CT277', 'Hệ quản trị SQL', 3, 30, 30, '2019-09-17 03:28:41', '2019-09-17 03:28:41'),
('CT278', 'Thực tập thực tế - THUD', 2, 30, 30, '2019-09-17 03:28:41', '2019-09-17 03:28:41'),
('CT301H', 'An ninh mạng', 3, 30, 30, '2019-09-17 03:28:41', '2019-09-17 03:28:41'),
('CT302H', 'Thiết kế và cài đặt mạng', 3, 30, 30, '2019-09-17 03:28:41', '2019-09-17 03:28:41'),
('CT303H', 'Quản trị mạng Windows nâng cao', 3, 30, 30, '2019-09-17 03:28:41', '2019-09-17 03:28:41'),
('CT304H', 'Quản trị mạng Linux nâng cao', 3, 30, 30, '2019-09-17 03:28:41', '2019-09-17 03:28:41'),
('CT305H', 'Lập trình mạng', 3, 30, 30, '2019-09-17 03:28:41', '2019-09-17 03:28:41'),
('CT306H', 'Lập trình song song', 3, 30, 30, '2019-09-17 03:28:41', '2019-09-17 03:28:41'),
('CT307H', 'Mạng không dây và mạng di động', 3, 30, 30, '2019-09-17 03:28:41', '2019-09-17 03:28:41'),
('CT308H', 'Thương mại điện tử', 3, 30, 30, '2019-09-17 03:28:41', '2019-09-17 03:28:41'),
('CT309H', 'Hệ thống hoạch định nguồn lực doanh nghiệp', 3, 30, 30, '2019-09-17 03:28:41', '2019-09-17 03:28:41'),
('CT310H', 'Phát triển ứng dụng chuyên nghiệp với .NET', 3, 30, 30, '2019-09-17 03:28:41', '2019-09-17 03:28:41'),
('CT311', 'Phương pháp NCKH', 2, 30, 30, '2019-09-17 03:28:41', '2019-09-17 03:28:41'),
('CT311H', 'Phát triển ứng dụng Java', 3, 30, 30, '2019-09-17 03:28:41', '2019-09-17 03:28:41'),
('CT312', 'Khai khoáng dữ liệu', 3, 30, 30, '2019-09-17 03:28:41', '2019-09-17 03:28:41'),
('CT312H', 'Lập trình cho các thiết bị di động', 3, 30, 30, '2019-09-17 03:28:41', '2019-09-17 03:28:41'),
('CT313H', 'Công nghệ và dịch vụ Web', 3, 30, 30, '2019-09-17 03:28:41', '2019-09-17 03:28:41'),
('CT314H', 'Quy trình và công cụ phát triển phần mềm', 3, 30, 30, '2019-09-17 03:28:41', '2019-09-17 03:28:41'),
('CT316', 'Xử lý ảnh', 3, 30, 30, '2019-09-17 03:28:41', '2019-09-17 03:28:41'),
('CT330', 'Hệ thống Multi-Agent', 2, 30, 30, '2019-09-17 03:28:41', '2019-09-17 03:28:41'),
('CT332', 'Trí tuệ nhân tạo', 3, 30, 30, '2019-09-17 03:28:41', '2019-09-17 03:28:41'),
('CT335', 'Thiết kế và cài đặt mạng', 3, 30, 30, '2019-09-17 03:28:41', '2019-09-17 03:28:41'),
('CT336', 'Truyền thông đa phương tiện', 2, 30, 30, '2019-09-17 03:28:41', '2019-09-17 03:28:41'),
('CT338', 'Mạng không dây và di động', 2, 30, 30, '2019-09-17 03:28:41', '2019-09-17 03:28:41'),
('CT343', 'Các hệ thống phân tán', 2, 30, 30, '2019-09-17 03:28:41', '2019-09-17 03:28:41'),
('CT344', 'Giải quyết sự cố mạng', 2, 30, 30, '2019-09-17 03:28:41', '2019-09-17 03:28:41'),
('CT428', 'Lập trình Web', 3, 30, 30, '2019-09-17 03:28:41', '2019-09-17 03:28:41'),
('CT430', 'Phân tích hệ thống hướng đối tượng', 3, 30, 30, '2019-09-17 03:28:41', '2019-09-17 03:28:41'),
('CT439', 'Niên luận Mạng máy tính và truyền thông', 3, 30, 30, '2019-09-17 03:28:41', '2019-09-17 03:28:41'),
('CT446', 'Ngôn ngữ lập trình mô phỏng', 3, 30, 30, '2019-09-17 03:28:41', '2019-09-17 03:28:41'),
('CT450', 'Thực tập thực tế - CNTT', 2, 30, 30, '2019-09-17 03:28:41', '2019-09-17 03:28:41'),
('CT451', 'Thực tập thực tế - HTTT', 2, 30, 30, '2019-09-17 03:28:41', '2019-09-17 03:28:41'),
('CT452', 'Thực tập thực tế - TT&MMT', 2, 30, 30, '2019-09-17 03:28:41', '2019-09-17 03:28:41'),
('CT453', 'Mỹ thuật Web', 2, 30, 30, '2019-09-17 03:28:41', '2019-09-17 03:28:41'),
('CT454', 'Thực tập thực tế - KTPM', 2, 30, 30, '2019-09-17 03:28:41', '2019-09-17 03:28:41'),
('CT455', 'Thực tập thực tế - KHMT', 2, 30, 30, '2019-09-17 03:28:41', '2019-09-17 03:28:41'),
('CT461', 'Tiểu luận tốt nghiệp - HTTT', 4, 30, 30, '2019-09-17 03:28:41', '2019-09-17 03:28:41'),
('CT462', 'Tiểu luận tốt nghiệp - TT&MMT', 4, 30, 30, '2019-09-17 03:28:41', '2019-09-17 03:28:41'),
('CT464', 'Tiểu luận tốt nghiệp - KTPM', 4, 30, 30, '2019-09-17 03:28:41', '2019-09-17 03:28:41'),
('CT465', 'Tiểu luận tốt nghiệp - KHMT', 4, 30, 30, '2019-09-17 03:28:41', '2019-09-17 03:28:41'),
('CT466', 'Niên luận - CNTT', 3, 30, 30, '2019-09-17 03:28:41', '2019-09-17 03:28:41'),
('CT468', 'Tiểu luận tốt nghiệp - CNTT', 4, 30, 30, '2019-09-17 03:28:41', '2019-09-17 03:28:41'),
('CT501H', 'Niên luận chuyên ngành', 3, 30, 30, '2019-09-17 03:28:41', '2019-09-17 03:28:41'),
('CT502H', 'Luận văn tốt nghiệp', 10, 30, 30, '2019-09-17 03:28:41', '2019-09-17 03:28:41'),
('CT591', 'Luận văn tốt nghiệp - HTTT', 10, 30, 30, '2019-09-17 03:28:41', '2019-09-17 03:28:41'),
('CT592', 'Luận văn tốt nghiệp - TT&MMT', 10, 30, 30, '2019-09-17 03:28:41', '2019-09-17 03:28:41'),
('CT593', 'Luận văn tốt nghiệp - CNTT', 10, 30, 30, '2019-09-17 03:28:41', '2019-09-17 03:28:41'),
('CT594', 'Luận văn tốt nghiệp - KTPM', 10, 30, 30, '2019-09-17 03:28:41', '2019-09-17 03:28:41'),
('CT595', 'Luận văn tốt nghiệp - KHMT', 10, 30, 30, '2019-09-17 03:28:41', '2019-09-17 03:28:41'),
('FL001H', 'Nghe và Nói 1', 3, 30, 30, '2019-09-17 03:28:41', '2019-09-17 03:28:41'),
('FL002H', 'Nghe và Nói 2', 2, 30, 30, '2019-09-17 03:28:41', '2019-09-17 03:28:41'),
('FL003H', 'Đọc hiểu 1', 2, 30, 30, '2019-09-17 03:28:41', '2019-09-17 03:28:41'),
('FL004', 'Pháp văn tăng cường 1 (*)', 3, 30, 30, '2019-09-17 03:28:41', '2019-09-17 03:28:41'),
('FL004H', 'Đọc hiểu 2', 2, 30, 30, '2019-09-17 03:28:41', '2019-09-17 03:28:41'),
('FL005', 'Pháp văn tăng cường 2 (*)', 3, 30, 30, '2019-09-17 03:28:41', '2019-09-17 03:28:41'),
('FL005H', 'Viết 1', 2, 30, 30, '2019-09-17 03:28:41', '2019-09-17 03:28:41'),
('FL006', 'Pháp văn tăng cường 3 (*)', 4, 30, 30, '2019-09-17 03:28:41', '2019-09-17 03:28:41'),
('FL006H', 'Viết học thuật 2', 2, 30, 30, '2019-09-17 03:28:41', '2019-09-17 03:28:41'),
('FL007H', 'Ngữ pháp ứng dụng', 3, 30, 30, '2019-09-17 03:28:41', '2019-09-17 03:28:41'),
('FL008H', 'Ngữ âm thực hành', 2, 30, 30, '2019-09-17 03:28:41', '2019-09-17 03:28:41'),
('FL009H', 'Kỹ năng thuyết trình', 2, 30, 30, '2019-09-17 03:28:41', '2019-09-17 03:28:41'),
('KL001', 'Pháp luật đại cương', 2, 30, 30, '2019-09-17 03:28:41', '2019-09-17 03:28:41'),
('KN001', 'Kỹ năng mềm', 2, 30, 30, '2019-09-17 03:28:41', '2019-09-17 03:28:41'),
('ML006', 'Tư tưởng Hồ Chí Minh', 2, 30, 30, '2019-09-17 03:28:41', '2019-09-17 03:28:41'),
('ML007', 'Logic học đại cương', 2, 30, 30, '2019-09-17 03:28:41', '2019-09-17 03:28:41'),
('ML009', 'Những Ng.Lý CB của CN Mác-Lênin 1', 2, 30, 30, '2019-09-17 03:28:41', '2019-09-17 03:28:41'),
('ML010', 'Những Ng.Lý CB của CN Mác-Lênin 2', 3, 30, 30, '2019-09-17 03:28:41', '2019-09-17 03:28:41'),
('ML011', 'Đường lối cách mạng của ĐCSVN', 3, 30, 30, '2019-09-17 03:28:41', '2019-09-17 03:28:41'),
('QP003', 'Giáo dục quốc phòng - An ninh 1 (*)', 3, 30, 30, '2019-09-17 03:28:41', '2019-09-17 03:28:41'),
('QP004', 'Giáo dục quốc phòng - An ninh 2 (*)', 2, 30, 30, '2019-09-17 03:28:41', '2019-09-17 03:28:41'),
('QP005', 'Giáo dục quốc phòng - An ninh 3 (*)', 3, 30, 30, '2019-09-17 03:28:41', '2019-09-17 03:28:41'),
('QP006', 'Giáo dục quốc phòng và An ninh 1 (*)', 2, 30, 30, '2019-09-17 03:28:41', '2019-09-17 03:28:41'),
('QP007', 'Giáo dục quốc phòng và An ninh 2 (*)', 2, 30, 30, '2019-09-17 03:28:41', '2019-09-17 03:28:41'),
('QP008', 'Giáo dục quốc phòng và An ninh 3 (*)', 3, 30, 30, '2019-09-17 03:28:41', '2019-09-17 03:28:41'),
('QP009', 'Giáo dục quốc phòng và An ninh 4 (*)', 1, 30, 30, '2019-09-17 03:28:41', '2019-09-17 03:28:41'),
('TC100', 'Giáo dục thể chất 1+2+3 (*)', 3, 30, 30, '2019-09-17 03:28:41', '2019-09-17 03:28:41'),
('TN001', 'Vi - Tích phân A1', 3, 30, 30, '2019-09-17 03:28:41', '2019-09-17 03:28:41'),
('TN002', 'Vi - Tích phân A2', 4, 30, 30, '2019-09-17 03:28:41', '2019-09-17 03:28:41'),
('TN010', 'Xác suất thống kê', 3, 30, 30, '2019-09-17 03:28:41', '2019-09-17 03:28:41'),
('TN012', 'Đại số tuyến tính và hình học', 4, 30, 30, '2019-09-17 03:28:41', '2019-09-17 03:28:41'),
('TN033', 'Tin học căn bản (*)', 1, 30, 30, '2019-09-17 03:28:41', '2019-09-17 03:28:41'),
('TN034', 'TT.Tin học căn bản (*)', 2, 30, 30, '2019-09-17 03:28:41', '2019-09-17 03:28:41'),
('TN204', 'Thiết kế hệ thống thông tin', 3, 30, 30, '2019-09-17 03:28:41', '2019-09-17 03:28:41'),
('TN207', 'Lập trình .NET', 3, 30, 30, '2019-09-17 03:28:41', '2019-09-17 03:28:41'),
('TN208', 'Lập trình Java nâng cao', 3, 30, 30, '2019-09-17 03:28:41', '2019-09-17 03:28:41'),
('TN212', 'Công nghệ web 3D', 3, 30, 30, '2019-09-17 03:28:41', '2019-09-17 03:28:41'),
('TN213', 'Xây dựng hệ thống thông tin địa lý', 3, 30, 30, '2019-09-17 03:28:41', '2019-09-17 03:28:41'),
('TN216', 'Phát triển ứng dụng trên thiết bị di động', 3, 30, 30, '2019-09-17 03:28:41', '2019-09-17 03:28:41'),
('TN218', 'Xây dựng ứng dụng thương mại điện tử', 3, 30, 30, '2019-09-17 03:28:41', '2019-09-17 03:28:41'),
('TN221', 'Thiết kế Web', 3, 30, 30, '2019-09-17 03:28:41', '2019-09-17 03:28:41'),
('TN224', 'Ngôn ngữ XML và ứng dụng', 2, 30, 30, '2019-09-17 03:28:41', '2019-09-17 03:28:41'),
('TN228', 'Kỹ thuật khai khoáng dữ liệu và ứng dụng', 3, 30, 30, '2019-09-17 03:28:41', '2019-09-17 03:28:41'),
('TN229', 'Bảo mật hệ thống và an ninh mạng', 3, 30, 30, '2019-09-17 03:28:41', '2019-09-17 03:28:41'),
('TN230', 'Xây dựng ứng dụng Web với .NET', 3, 30, 30, '2019-09-17 03:28:41', '2019-09-17 03:28:41'),
('TN233', 'Cơ sở dữ liệu đa phương tiện', 3, 30, 30, '2019-09-17 03:28:41', '2019-09-17 03:28:41'),
('TN277', 'Quản trị dự án tin học', 2, 30, 30, '2019-09-17 03:28:41', '2019-09-17 03:28:41'),
('TN396', 'Tiểu luận tốt nghiệp - THƯD', 4, 30, 30, '2019-09-17 03:28:41', '2019-09-17 03:28:41'),
('TN403', 'Kho dữ liệu và OLAP', 3, 30, 30, '2019-09-17 03:28:41', '2019-09-17 03:28:41'),
('TN404', 'Quản trị hệ thống mạng', 3, 30, 30, '2019-09-17 03:28:41', '2019-09-17 03:28:41'),
('TN407', 'Kỹ thuật dự báo', 3, 30, 30, '2019-09-17 03:28:41', '2019-09-17 03:28:41'),
('TN408', 'Niên luận - THƯD', 3, 30, 30, '2019-09-17 03:28:41', '2019-09-17 03:28:41'),
('TN411', 'Xây dựng ứng dụng Web với PHP và MySQL', 3, 30, 30, '2019-09-17 03:28:41', '2019-09-17 03:28:41'),
('TN412', 'Xây dựng ứng dụng Web với Java', 3, 30, 30, '2019-09-17 03:28:41', '2019-09-17 03:28:41'),
('TN414', 'Lập trình mạng - THƯD', 3, 30, 30, '2019-09-17 03:28:41', '2019-09-17 03:28:41'),
('TN418', 'Luận văn tốt nghiệp - THƯD', 10, 30, 30, '2019-09-17 03:28:41', '2019-09-17 03:28:41'),
('XH004', 'Pháp văn căn bản 1 (*)', 3, 30, 30, '2019-09-17 03:28:41', '2019-09-17 03:28:41'),
('XH005', 'Pháp văn căn bản 2 (*)', 3, 30, 30, '2019-09-17 03:28:41', '2019-09-17 03:28:41'),
('XH006', 'Pháp văn căn bản 3 (*)', 4, 30, 30, '2019-09-17 03:28:41', '2019-09-17 03:28:41'),
('XH011', 'Cơ sở văn hóa Việt Nam', 2, 30, 30, '2019-09-17 03:28:41', '2019-09-17 03:28:41'),
('XH012', 'Tiếng Việt thực hành', 2, 30, 30, '2019-09-17 03:28:41', '2019-09-17 03:28:41'),
('XH014', 'Văn bản và lưu trữ học đại cương', 2, 30, 30, '2019-09-17 03:28:41', '2019-09-17 03:28:41'),
('XH023', 'Anh văn căn bản 1 (*)', 4, 30, 30, '2019-09-17 03:28:41', '2019-09-17 03:28:41'),
('XH024', 'Anh văn căn bản 2 (*)', 3, 30, 30, '2019-09-17 03:28:41', '2019-09-17 03:28:41'),
('XH025', 'Anh văn căn bản 3 (*)', 3, 30, 30, '2019-09-17 03:28:41', '2019-09-17 03:28:41'),
('XH028', 'Xã hội học đại cương', 2, 30, 30, '2019-09-17 03:28:41', '2019-09-17 03:28:41'),
('XH031', 'Anh văn tăng cường 1 (*)', 4, 30, 30, '2019-09-17 03:28:41', '2019-09-17 03:28:41'),
('XH032', 'Anh văn tăng cường 2 (*)', 3, 30, 30, '2019-09-17 03:28:41', '2019-09-17 03:28:41'),
('XH033', 'Anh văn tăng cường 3 (*)', 3, 30, 30, '2019-09-17 03:28:41', '2019-09-17 03:28:41');

-- --------------------------------------------------------

--
-- Cấu trúc bảng cho bảng `nganh`
--

CREATE TABLE `nganh` (
  `ma_nganh` varchar(255) COLLATE utf8_unicode_ci NOT NULL,
  `ten_nganh` varchar(255) COLLATE utf8_unicode_ci NOT NULL,
  `created_at` timestamp NOT NULL DEFAULT CURRENT_TIMESTAMP,
  `updated_at` timestamp NOT NULL DEFAULT CURRENT_TIMESTAMP
) ENGINE=InnoDB DEFAULT CHARSET=utf8 COLLATE=utf8_unicode_ci;

--
-- Đang đổ dữ liệu cho bảng `nganh`
--

INSERT INTO `nganh` (`ma_nganh`, `ten_nganh`, `created_at`, `updated_at`) VALUES
('H1', 'nbcn', '2019-09-17 03:08:50', '2019-09-17 03:08:50'),
('Y1', 'nmnmn', '2019-09-17 03:04:19', '2019-09-17 03:04:19');

-- --------------------------------------------------------

--
-- Cấu trúc bảng cho bảng `phan_hoi`
--

CREATE TABLE `phan_hoi` (
  `id_phanhoi` bigint(20) NOT NULL,
  `id_sv_lhp` bigint(20) NOT NULL,
  `ten_phanhoi` varchar(255) COLLATE utf8_unicode_ci NOT NULL,
  `noidung_phanhoi` varchar(255) COLLATE utf8_unicode_ci NOT NULL,
  `mau_don` varchar(255) COLLATE utf8_unicode_ci NOT NULL,
  `status` int(11) DEFAULT NULL,
  `updated_at` timestamp NOT NULL DEFAULT CURRENT_TIMESTAMP,
  `created_at` timestamp NOT NULL DEFAULT CURRENT_TIMESTAMP
) ENGINE=InnoDB DEFAULT CHARSET=utf8 COLLATE=utf8_unicode_ci;

--
-- Đang đổ dữ liệu cho bảng `phan_hoi`
--

INSERT INTO `phan_hoi` (`id_phanhoi`, `id_sv_lhp`, `ten_phanhoi`, `noidung_phanhoi`, `mau_don`, `status`, `updated_at`, `created_at`) VALUES
(1, 116, 'aaa', 'aaa', '', 0, '2019-11-05 07:40:32', '2019-11-05 07:24:17'),
(2, 116, '123', '123', '', NULL, '2019-11-05 07:43:31', '2019-11-05 07:43:31'),
(4, 116, 'xin nghỉ', 'ốm', 'N8hgC_avatar.jpg', NULL, '2019-11-05 08:17:43', '2019-11-05 08:17:43');

-- --------------------------------------------------------

--
-- Cấu trúc bảng cho bảng `phan_mem`
--

CREATE TABLE `phan_mem` (
  `id_pm` bigint(20) NOT NULL,
  `ten_pm` varchar(255) COLLATE utf8_unicode_ci NOT NULL,
  `version` varchar(255) COLLATE utf8_unicode_ci NOT NULL,
  `created_at` timestamp NOT NULL DEFAULT CURRENT_TIMESTAMP,
  `updated_at` timestamp NOT NULL DEFAULT CURRENT_TIMESTAMP
) ENGINE=InnoDB DEFAULT CHARSET=utf8 COLLATE=utf8_unicode_ci;

--
-- Đang đổ dữ liệu cho bảng `phan_mem`
--

INSERT INTO `phan_mem` (`id_pm`, `ten_pm`, `version`, `created_at`, `updated_at`) VALUES
(1, 'Visual Studio', '1.0', '2019-09-24 03:52:51', '2019-09-25 00:59:15'),
(2, 'Eclipse', '2.0', '2019-09-25 00:58:15', '2019-09-25 00:58:15'),
(3, 'Wireshark', '3.0', '2019-09-25 00:59:06', '2019-09-25 00:59:06'),
(4, 'VMware', '1.0', '2019-09-25 00:59:33', '2019-09-25 00:59:33');

-- --------------------------------------------------------

--
-- Cấu trúc bảng cho bảng `phong`
--

CREATE TABLE `phong` (
  `id_phong` bigint(20) NOT NULL,
  `ten_phong` varchar(255) COLLATE utf8_unicode_ci NOT NULL,
  `soluong_may` int(11) NOT NULL,
  `hdh` varchar(255) COLLATE utf8_unicode_ci NOT NULL,
  `ram` varchar(255) COLLATE utf8_unicode_ci NOT NULL,
  `cpu` varchar(255) COLLATE utf8_unicode_ci NOT NULL,
  `updated_at` timestamp NOT NULL DEFAULT CURRENT_TIMESTAMP,
  `created_at` timestamp NOT NULL DEFAULT CURRENT_TIMESTAMP
) ENGINE=InnoDB DEFAULT CHARSET=utf8 COLLATE=utf8_unicode_ci;

--
-- Đang đổ dữ liệu cho bảng `phong`
--

INSERT INTO `phong` (`id_phong`, `ten_phong`, `soluong_may`, `hdh`, `ram`, `cpu`, `updated_at`, `created_at`) VALUES
(1, 'Phòng 1', 40, 'Windows', '4 Gb', 'CORE i5', '2019-09-25 00:48:59', '2019-09-25 00:34:00'),
(2, 'Phòng 2', 40, 'Ubuntu', '2 Gb', 'CORE i3', '2019-09-25 00:48:39', '2019-09-25 00:48:39'),
(3, 'Phòng 3', 40, 'Windows', '1 Gb', 'CORE i3', '2019-09-25 00:49:22', '2019-09-25 00:49:22'),
(4, 'Phòng 4', 40, 'Windows', '2 Gb', 'CORE i3', '2019-09-25 00:49:59', '2019-09-25 00:49:59'),
(5, 'Phòng 5', 40, 'Windows', '2 Gb', 'CORE i5', '2019-09-25 00:50:24', '2019-09-25 00:50:24');

-- --------------------------------------------------------

--
-- Cấu trúc bảng cho bảng `pm_thuoc_phong`
--

CREATE TABLE `pm_thuoc_phong` (
  `id_pm_p` bigint(20) NOT NULL,
  `id_pm` bigint(20) NOT NULL,
  `id_phong` bigint(20) NOT NULL,
  `created_at` timestamp NOT NULL DEFAULT CURRENT_TIMESTAMP,
  `updated_at` timestamp NOT NULL DEFAULT CURRENT_TIMESTAMP
) ENGINE=InnoDB DEFAULT CHARSET=utf8 COLLATE=utf8_unicode_ci;

--
-- Đang đổ dữ liệu cho bảng `pm_thuoc_phong`
--

INSERT INTO `pm_thuoc_phong` (`id_pm_p`, `id_pm`, `id_phong`, `created_at`, `updated_at`) VALUES
(4, 2, 2, '2019-09-25 02:39:11', '2019-09-25 02:39:11'),
(5, 3, 2, '2019-09-25 02:39:11', '2019-09-25 02:39:11'),
(8, 1, 1, '2019-09-25 02:49:13', '2019-09-25 02:49:13'),
(9, 2, 1, '2019-09-25 02:49:13', '2019-09-25 02:49:13'),
(10, 3, 1, '2019-09-25 02:49:13', '2019-09-25 02:49:13'),
(11, 4, 1, '2019-09-25 02:49:13', '2019-09-25 02:49:13');

-- --------------------------------------------------------

--
-- Cấu trúc bảng cho bảng `sap_xep`
--

CREATE TABLE `sap_xep` (
  `id_sx` bigint(20) NOT NULL,
  `id_tuanyc` bigint(20) NOT NULL,
  `id_phong` bigint(20) NOT NULL,
  `created_at` timestamp NOT NULL DEFAULT CURRENT_TIMESTAMP,
  `updated_at` timestamp NOT NULL DEFAULT CURRENT_TIMESTAMP
) ENGINE=InnoDB DEFAULT CHARSET=utf8 COLLATE=utf8_unicode_ci;

--
-- Đang đổ dữ liệu cho bảng `sap_xep`
--

INSERT INTO `sap_xep` (`id_sx`, `id_tuanyc`, `id_phong`, `created_at`, `updated_at`) VALUES
(30, 36, 2, '2019-10-20 22:37:56', '2019-10-20 22:37:56'),
(31, 37, 1, '2019-10-20 22:37:57', '2019-11-01 08:30:38'),
(32, 38, 1, '2019-10-20 22:38:03', '2019-11-01 08:30:45'),
(33, 39, 2, '2019-10-20 22:38:05', '2019-10-20 22:38:05'),
(34, 46, 2, '2019-10-20 22:38:30', '2019-11-01 08:21:34'),
(35, 44, 2, '2019-10-20 22:38:35', '2019-11-01 08:31:26'),
(36, 43, 2, '2019-10-20 22:38:38', '2019-11-01 08:32:51'),
(37, 42, 1, '2019-10-20 22:38:40', '2019-10-20 22:38:41');

-- --------------------------------------------------------

--
-- Cấu trúc bảng cho bảng `sinh_vien`
--

CREATE TABLE `sinh_vien` (
  `mssv` varchar(255) COLLATE utf8_unicode_ci NOT NULL,
  `id_account` bigint(20) NOT NULL,
  `khoa_hoc` int(11) NOT NULL,
  `ma_lop` varchar(255) COLLATE utf8_unicode_ci NOT NULL,
  `ten_sv` varchar(255) COLLATE utf8_unicode_ci NOT NULL,
  `ngay_sinh` varchar(255) COLLATE utf8_unicode_ci NOT NULL,
  `gioi_tinh` varchar(255) COLLATE utf8_unicode_ci NOT NULL,
  `sdt` varchar(255) COLLATE utf8_unicode_ci NOT NULL,
  `nam_vao_hoc` varchar(255) COLLATE utf8_unicode_ci NOT NULL,
  `created_at` timestamp NOT NULL DEFAULT CURRENT_TIMESTAMP,
  `updated_at` timestamp NOT NULL DEFAULT CURRENT_TIMESTAMP
) ENGINE=InnoDB DEFAULT CHARSET=utf8 COLLATE=utf8_unicode_ci;

--
-- Đang đổ dữ liệu cho bảng `sinh_vien`
--

INSERT INTO `sinh_vien` (`mssv`, `id_account`, `khoa_hoc`, `ma_lop`, `ten_sv`, `ngay_sinh`, `gioi_tinh`, `sdt`, `nam_vao_hoc`, `created_at`, `updated_at`) VALUES
('B1507301', 989, 41, 'H1A1', 'A', '01/01/1996', 'Nam', '(+84) 9696986536', '2015', '2019-09-19 02:41:58', '2019-09-19 02:41:58'),
('B1507302', 990, 41, 'H1A1', 'B', '01/01/1996', 'Nam', '(+84) 9266526536', '2015', '2019-09-19 02:41:58', '2019-09-19 02:41:58'),
('B1507303', 991, 41, 'H1A1', 'A', '01/01/1996', 'Nam', '(+84) 9696986536', '2015', '2019-09-19 02:41:58', '2019-09-19 02:41:58'),
('B1507304', 992, 41, 'H1A1', 'B', '01/01/1996', 'Nam', '(+84) 9266526536', '2015', '2019-09-19 02:41:58', '2019-09-19 02:41:58'),
('B1507305', 993, 41, 'H1A1', 'A', '01/01/1996', 'Nam', '(+84) 9696986536', '2015', '2019-09-19 02:41:58', '2019-09-19 02:41:58'),
('B1507306', 994, 41, 'H1A1', 'B', '01/01/1996', 'Nữ', '(+84) 9266526536', '2015', '2019-09-19 02:41:58', '2019-09-19 02:41:58'),
('B1507307', 995, 41, 'H1A1', 'A', '01/01/1996', 'Nam', '(+84) 9696986536', '2015', '2019-09-19 02:41:58', '2019-09-19 02:41:58'),
('B1507308', 996, 41, 'H1A1', 'B', '01/01/1996', 'Nam', '(+84) 9266526536', '2015', '2019-09-19 02:41:59', '2019-09-19 02:41:59'),
('B1507309', 997, 41, 'H1A1', 'A', '01/01/1996', 'Nữ', '(+84) 9696986536', '2015', '2019-09-19 02:41:59', '2019-09-19 02:41:59'),
('B1507310', 998, 41, 'H1A1', 'B', '01/01/1996', 'Nam', '(+84) 9266526536', '2015', '2019-09-19 02:41:59', '2019-09-19 02:41:59'),
('B1507311', 999, 42, 'H1A2', 'A', '01/01/1996', 'Nam', '(+84) 9696986536', '2015', '2019-09-19 02:41:59', '2019-09-19 02:41:59'),
('B1507312', 1000, 42, 'H1A2', 'B', '01/01/1996', 'Nam', '(+84) 9266526536', '2015', '2019-09-19 02:41:59', '2019-09-19 02:41:59'),
('B1507313', 1001, 42, 'H1A2', 'A', '01/01/1996', 'Nữ', '(+84) 9696986536', '2015', '2019-09-19 02:41:59', '2019-09-19 02:41:59'),
('B1507314', 1002, 42, 'H1A2', 'B', '01/01/1996', 'Nam', '(+84) 9266526536', '2015', '2019-09-19 02:41:59', '2019-09-19 02:41:59'),
('B1507315', 1003, 42, 'H1A2', 'A', '01/01/1996', 'Nữ', '(+84) 9696986536', '2015', '2019-09-19 02:41:59', '2019-09-19 02:41:59'),
('B1507316', 1004, 42, 'H1A2', 'B', '01/01/1996', 'Nam', '(+84) 9266526536', '2015', '2019-09-19 02:41:59', '2019-09-19 02:41:59'),
('B1507317', 1005, 42, 'H1A2', 'A', '01/01/1996', 'Nam', '(+84) 9696986536', '2015', '2019-09-19 02:41:59', '2019-09-19 02:41:59'),
('B1507318', 1006, 42, 'H1A2', 'B', '01/01/1996', 'Nữ', '(+84) 9266526536', '2015', '2019-09-19 02:41:59', '2019-09-19 02:41:59'),
('B1507319', 1007, 42, 'H1A2', 'A', '01/01/1996', 'Nam', '(+84) 9696986536', '2015', '2019-09-19 02:41:59', '2019-09-19 02:41:59'),
('B1507320', 1009, 42, 'H1A2', 'B', '01/01/1996', 'Nữ', '(+84) 9266526536', '2015', '2019-09-19 02:42:00', '2019-09-19 02:42:00');

-- --------------------------------------------------------

--
-- Cấu trúc bảng cho bảng `sv_hoc_lhp`
--

CREATE TABLE `sv_hoc_lhp` (
  `id_sv_lhp` bigint(20) NOT NULL,
  `mssv` varchar(255) COLLATE utf8_unicode_ci NOT NULL,
  `ma_lophp` varchar(255) COLLATE utf8_unicode_ci NOT NULL,
  `created_at` timestamp NOT NULL DEFAULT CURRENT_TIMESTAMP,
  `updated_at` timestamp NOT NULL DEFAULT CURRENT_TIMESTAMP
) ENGINE=InnoDB DEFAULT CHARSET=utf8 COLLATE=utf8_unicode_ci;

--
-- Đang đổ dữ liệu cho bảng `sv_hoc_lhp`
--

INSERT INTO `sv_hoc_lhp` (`id_sv_lhp`, `mssv`, `ma_lophp`, `created_at`, `updated_at`) VALUES
(92, 'B1507301', '1_2019 - 2020_CT051H01', '2019-09-26 03:45:52', '2019-09-26 03:45:52'),
(93, 'B1507303', '1_2019 - 2020_CT051H01', '2019-09-26 03:45:52', '2019-09-26 03:45:52'),
(94, 'B1507305', '1_2019 - 2020_CT051H01', '2019-09-26 03:45:52', '2019-09-26 03:45:52'),
(95, 'B1507307', '1_2019 - 2020_CT051H01', '2019-09-26 03:45:52', '2019-09-26 03:45:52'),
(96, 'B1507309', '1_2019 - 2020_CT051H01', '2019-09-26 03:45:52', '2019-09-26 03:45:52'),
(97, 'B1507315', '1_2019 - 2020_CT051H01', '2019-09-26 03:45:52', '2019-09-26 03:45:52'),
(98, 'B1507317', '1_2019 - 2020_CT051H01', '2019-09-26 03:45:52', '2019-09-26 03:45:52'),
(99, 'B1507307', '1_2019 - 2020_CT053H01', '2019-09-26 03:46:45', '2019-09-26 03:46:45'),
(100, 'B1507309', '1_2019 - 2020_CT053H01', '2019-09-26 03:46:45', '2019-09-26 03:46:45'),
(101, 'B1507311', '1_2019 - 2020_CT053H01', '2019-09-26 03:46:45', '2019-09-26 03:46:45'),
(102, 'B1507313', '1_2019 - 2020_CT053H01', '2019-09-26 03:46:45', '2019-09-26 03:46:45'),
(103, 'B1507315', '1_2019 - 2020_CT053H01', '2019-09-26 03:46:45', '2019-09-26 03:46:45'),
(104, 'B1507313', '1_2019 - 2020_CT101H01', '2019-10-03 06:13:27', '2019-10-03 06:13:27'),
(105, 'B1507315', '1_2019 - 2020_CT101H01', '2019-10-03 06:13:27', '2019-10-03 06:13:27'),
(106, 'B1507317', '1_2019 - 2020_CT101H01', '2019-10-03 06:13:27', '2019-10-03 06:13:27'),
(107, 'B1507319', '1_2019 - 2020_CT101H01', '2019-10-03 06:13:28', '2019-10-03 06:13:28'),
(108, 'B1507301', '1_2019 - 2020_CT056H01', '2019-10-09 01:24:06', '2019-10-09 01:24:06'),
(109, 'B1507302', '1_2019 - 2020_CT056H01', '2019-10-09 01:24:06', '2019-10-09 01:24:06'),
(110, 'B1507303', '1_2019 - 2020_CT056H01', '2019-10-09 01:24:06', '2019-10-09 01:24:06'),
(111, 'B1507304', '1_2019 - 2020_CT056H01', '2019-10-09 01:24:06', '2019-10-09 01:24:06'),
(112, 'B1507305', '1_2019 - 2020_CT056H01', '2019-10-09 01:24:06', '2019-10-09 01:24:06'),
(113, 'B1507306', '1_2019 - 2020_CT056H01', '2019-10-09 01:24:06', '2019-10-09 01:24:06'),
(114, 'B1507301', '1_2019 - 2020_CT054H01', '2019-10-09 01:24:59', '2019-10-09 01:24:59'),
(115, 'B1507302', '1_2019 - 2020_CT054H01', '2019-10-09 01:24:59', '2019-10-09 01:24:59'),
(116, 'B1507320', '1_2019 - 2020_CT054H01', '2019-10-09 01:24:59', '2019-10-09 01:24:59');

-- --------------------------------------------------------

--
-- Cấu trúc bảng cho bảng `tuan_th`
--

CREATE TABLE `tuan_th` (
  `id_tuan` bigint(20) NOT NULL,
  `stt_tuan` varchar(255) COLLATE utf8_unicode_ci NOT NULL,
  `id_hk` bigint(20) NOT NULL,
  `ngay_bd` varchar(255) COLLATE utf8_unicode_ci DEFAULT NULL,
  `ngay_kt` varchar(255) COLLATE utf8_unicode_ci DEFAULT NULL,
  `created_at` timestamp NOT NULL DEFAULT CURRENT_TIMESTAMP,
  `updated_at` timestamp NOT NULL DEFAULT CURRENT_TIMESTAMP
) ENGINE=InnoDB DEFAULT CHARSET=utf8 COLLATE=utf8_unicode_ci;

--
-- Đang đổ dữ liệu cho bảng `tuan_th`
--

INSERT INTO `tuan_th` (`id_tuan`, `stt_tuan`, `id_hk`, `ngay_bd`, `ngay_kt`, `created_at`, `updated_at`) VALUES
(44, 'Tuần 1', 13, '05/08/2019', '11/08/2019', '2019-09-26 03:44:34', '2019-09-26 03:44:34'),
(45, 'Tuần 2', 13, '12/08/2019', '18/08/2019', '2019-09-26 03:44:34', '2019-09-26 03:44:34'),
(46, 'Tuần 3', 13, '19/08/2019', '25/08/2019', '2019-09-26 03:44:34', '2019-09-26 03:44:34'),
(47, 'Tuần 4', 13, '26/08/2019', '01/09/2019', '2019-09-26 03:44:34', '2019-09-26 03:44:34'),
(48, 'Tuần 5', 13, '02/09/2019', '08/09/2019', '2019-09-26 03:44:34', '2019-09-26 03:44:34'),
(49, 'Tuần 6', 13, '09/09/2019', '15/09/2019', '2019-09-26 03:44:34', '2019-09-26 03:44:34'),
(50, 'Tuần 7', 13, '16/09/2019', '22/09/2019', '2019-09-26 03:44:34', '2019-09-26 03:44:34'),
(51, 'Tuần 8', 13, '23/09/2019', '29/09/2019', '2019-09-26 03:44:34', '2019-09-26 03:44:34'),
(52, 'Tuần 9', 13, '30/09/2019', '06/10/2019', '2019-09-26 03:44:34', '2019-09-26 03:44:34'),
(53, 'Tuần 10', 13, '07/10/2019', '13/10/2019', '2019-09-26 03:44:34', '2019-09-26 03:44:34'),
(54, 'Tuần 11', 13, '14/10/2019', '20/10/2019', '2019-09-26 03:44:34', '2019-09-26 03:44:34'),
(55, 'Tuần 12', 13, '21/10/2019', '27/10/2019', '2019-09-26 03:44:34', '2019-09-26 03:44:34'),
(56, 'Tuần 13', 13, '28/10/2019', '03/11/2019', '2019-09-26 03:44:34', '2019-09-26 03:44:34'),
(57, 'Tuần 14', 13, '04/11/2019', '10/11/2019', '2019-09-26 03:44:34', '2019-09-26 03:44:34'),
(58, 'Tuần 15', 13, '11/11/2019', '17/11/2019', '2019-09-26 03:44:34', '2019-09-26 03:44:34'),
(59, 'Tuần 16', 13, '18/11/2019', '24/11/2019', '2019-09-26 03:44:34', '2019-09-26 03:44:34'),
(60, 'Tuần 17', 13, '25/11/2019', '01/12/2019', '2019-09-26 03:44:34', '2019-09-26 03:44:34');

-- --------------------------------------------------------

--
-- Cấu trúc bảng cho bảng `tuan_theo_yc`
--

CREATE TABLE `tuan_theo_yc` (
  `id_tuanyc` bigint(20) NOT NULL,
  `id_chitietyc` bigint(20) NOT NULL,
  `id_tuan` bigint(20) NOT NULL,
  `created_at` timestamp NOT NULL DEFAULT CURRENT_TIMESTAMP,
  `updated_at` timestamp NOT NULL DEFAULT CURRENT_TIMESTAMP
) ENGINE=InnoDB DEFAULT CHARSET=utf8 COLLATE=utf8_unicode_ci;

--
-- Đang đổ dữ liệu cho bảng `tuan_theo_yc`
--

INSERT INTO `tuan_theo_yc` (`id_tuanyc`, `id_chitietyc`, `id_tuan`, `created_at`, `updated_at`) VALUES
(18, 20, 44, '2019-10-13 00:55:21', '2019-10-13 00:55:21'),
(19, 20, 45, '2019-10-13 00:55:21', '2019-10-13 00:55:21'),
(20, 20, 46, '2019-10-13 00:55:21', '2019-10-13 00:55:21'),
(21, 20, 47, '2019-10-13 00:55:21', '2019-10-13 00:55:21'),
(22, 20, 48, '2019-10-13 00:55:21', '2019-10-13 00:55:21'),
(23, 20, 49, '2019-10-13 00:55:21', '2019-10-13 00:55:21'),
(24, 20, 50, '2019-10-13 00:55:21', '2019-10-13 00:55:21'),
(25, 20, 54, '2019-10-13 00:55:21', '2019-10-13 00:55:21'),
(26, 20, 55, '2019-10-13 00:55:21', '2019-10-13 00:55:21'),
(27, 20, 56, '2019-10-13 00:55:21', '2019-10-13 00:55:21'),
(28, 20, 57, '2019-10-13 00:55:21', '2019-10-13 00:55:21'),
(29, 20, 60, '2019-10-13 00:55:21', '2019-10-13 00:55:21'),
(36, 22, 44, '2019-10-20 21:50:27', '2019-10-20 21:50:27'),
(37, 22, 45, '2019-10-20 21:50:27', '2019-10-20 21:50:27'),
(38, 22, 46, '2019-10-20 21:50:27', '2019-10-20 21:50:27'),
(39, 22, 47, '2019-10-20 21:50:27', '2019-10-20 21:50:27'),
(40, 22, 48, '2019-10-20 21:50:27', '2019-10-20 21:50:27'),
(41, 22, 49, '2019-10-20 21:50:28', '2019-10-20 21:50:28'),
(42, 23, 44, '2019-10-20 21:50:51', '2019-10-20 21:50:51'),
(43, 23, 45, '2019-10-20 21:50:51', '2019-10-20 21:50:51'),
(44, 23, 46, '2019-10-20 21:50:51', '2019-10-20 21:50:51'),
(45, 23, 47, '2019-10-20 21:50:51', '2019-10-20 21:50:51'),
(46, 23, 48, '2019-10-20 21:50:51', '2019-10-20 21:50:51'),
(47, 23, 49, '2019-10-20 21:50:51', '2019-10-20 21:50:51');

-- --------------------------------------------------------

--
-- Cấu trúc bảng cho bảng `users`
--

CREATE TABLE `users` (
  `id` bigint(20) NOT NULL,
  `name` varchar(255) COLLATE utf8_unicode_ci NOT NULL,
  `email` varchar(255) COLLATE utf8_unicode_ci NOT NULL,
  `password` text COLLATE utf8_unicode_ci NOT NULL,
  `user_avt` varchar(255) COLLATE utf8_unicode_ci NOT NULL DEFAULT 'no_avt.png',
  `role` varchar(20) COLLATE utf8_unicode_ci NOT NULL DEFAULT 'Student',
  `updated_at` timestamp NOT NULL DEFAULT CURRENT_TIMESTAMP,
  `created_at` timestamp NOT NULL DEFAULT CURRENT_TIMESTAMP
) ENGINE=InnoDB DEFAULT CHARSET=utf8 COLLATE=utf8_unicode_ci;

--
-- Đang đổ dữ liệu cho bảng `users`
--

INSERT INTO `users` (`id`, `name`, `email`, `password`, `user_avt`, `role`, `updated_at`, `created_at`) VALUES
(116, 'mrnpro321', 'mrnpro321@gmail.com', '$2y$10$mFXfH9pEZg/GyZTE4NEbT.e/pCsVDcW6iiqT5A8q/8xUJrR66gA7K', 'no_avt.png', 'Lecturers', '2019-09-11 01:19:14', '2019-09-11 01:19:14'),
(117, 'aaa', 'aaa@gmail.com', '$2y$10$9Y01dgISnK7Jvaqk.Yq8kOaXzfhv9v4KVtMMZyxCI7jgw6cXux2Ry', 'no_avt.png', 'Admin', '2019-09-11 01:19:30', '2019-09-11 01:19:30'),
(882, 'TS. Phạm Thế Phi', 'ptphi@cit.ctu.edu.vn', '$2y$10$9Y01dgISnK7Jvaqk.Yq8kOaXzfhv9v4KVtMMZyxCI7jgw6cXux2Ry', 'no_avt.png', 'Lecturers', '2019-09-18 00:59:38', '2019-09-18 00:59:38'),
(883, 'TS. Trần Công Án', 'tcan@cit.ctu.edu.vn', '$2y$10$9Y01dgISnK7Jvaqk.Yq8kOaXzfhv9v4KVtMMZyxCI7jgw6cXux2Ry', 'no_avt.png', 'Lecturers', '2019-09-18 00:59:38', '2019-09-18 00:59:38'),
(884, 'TS. Trần Ngân Bình', 'tnbinh@cit.ctu.edu.vn', '$2y$10$g7l4DzA6liB8890dDkjLxeuS73BIiTXQa0LSDnuCOCVWXJXHAB.jy', 'no_avt.png', 'Lecturers', '2019-09-18 00:59:39', '2019-09-18 00:59:39'),
(885, 'TS. Lâm Nhựt Khang ', 'lnkhang@cit.ctu.edu.vn', '$2y$10$louzgQnFB69JNt7EoSpamuXFSdDiBIRvCyajWfwMjYAo/Sw4nR1iq', 'no_avt.png', 'Lecturers', '2019-09-18 00:59:39', '2019-09-18 00:59:39'),
(886, 'TS. Thái Minh Tuấn', 'tmtuan@cit.ctu.edu.vn', '$2y$10$VZmJ2j0fkYEDc7MmyWU1NeJt5QZ8G6Il2d.gcdkdFuni2DBtgOlHG', 'no_avt.png', 'Lecturers', '2019-09-18 00:59:39', '2019-09-18 00:59:39'),
(887, 'NCS. Bùi Võ Quốc Bảo ', 'bvqbao@cit.ctu.edu.vn', '$2y$10$FTnccFp1GAfArrevXCvA0urGZmsCAPQWGXmisc5Ze3wdJD3QyQrlq', 'no_avt.png', 'Lecturers', '2019-09-18 00:59:39', '2019-09-18 00:59:39'),
(888, 'Ths. Phạm Thị Xuân Diễm ', 'ptxdiem@cit.ctu.edu.vn', '$2y$10$AVuwZBGEH0vVe8kauGsNDeF2nDKOOSBIIn9eK4i3Pf0gh.tGR/K.O', 'no_avt.png', 'Lecturers', '2019-09-18 00:59:39', '2019-09-18 00:59:39'),
(889, 'Ths. Nguyễn Ngọc Mỹ', 'nnmy@cit.ctu.edu.vn', '$2y$10$7KpdXGt1YfAkBSjOWRx7zues9G6Miub7rFobbwtglsjKaXaE0MtRy', 'no_avt.png', 'Lecturers', '2019-09-18 00:59:39', '2019-09-18 00:59:39'),
(890, 'ThS. GVC. Phan Tấn Tài', 'pttai@cit.ctu.edu.vn', '$2y$10$zo1Zn8WotHgUBE2C8SPxSedp0mgemscle7uZ4SV42rZeZXwLXdCBm', 'no_avt.png', 'Lecturers', '2019-09-18 00:59:39', '2019-09-18 00:59:39'),
(891, 'PGS. TS. Nguyễn Thái Nghe', 'ntnghe@cit.ctu.edu.vn', '$2y$10$1xMgPvovw5hXfbWdET7B4.PMeRwXNWyCH88SrE.HdZzxLH22wnp.m', 'no_avt.png', 'Lecturers', '2019-09-18 00:59:39', '2019-09-18 00:59:39'),
(892, 'TS. Phạm Thị Ngọc Diễm', 'ptndiem@cit.ctu.edu.vn', '$2y$10$IiP1d5DDqGQtzKmoFfEOg.qlVYvuWb/NYCzBz3kC7bsmymA6mpCay', 'no_avt.png', 'Lecturers', '2019-09-18 00:59:40', '2019-09-18 00:59:40'),
(893, 'TS. Trương Quốc Định', 'tqdinh@cit.ctu.edu.vn', '$2y$10$rBKB/pddHaJut/o/U8C7yeX44d4JP4Xx8J1wcOpbpLcjLpj9LSNqq', 'no_avt.png', 'Lecturers', '2019-09-18 00:59:40', '2019-09-18 00:59:40'),
(894, 'TS. Nguyễn Thị Thu An', 'nttan@cit.ctu.edu.vn', '$2y$10$Umm2ywkjm9gVmz.54kOtYux/wOtxWm59y/YvzUz5uPXaM/X0dJtq.', 'no_avt.png', 'Lecturers', '2019-09-18 00:59:40', '2019-09-18 00:59:40'),
(895, 'NCS. Trần Nguyễn Minh Thái', 'tnmthai@cit.ctu.edu.vn', '$2y$10$y.lXwRb1Q6DN3DQVTBb9d.5dm7zSdPDm5N3MCqBFaWxBBl7RiNl8S', 'no_avt.png', 'Lecturers', '2019-09-18 00:59:40', '2019-09-18 00:59:40'),
(896, 'TS. Nguyễn Thanh Hải', 'nthai@cit.ctu.edu.vn', '$2y$10$ZoVzk.S9R7iRN.Z8U.MI9eGPollDbNgCVXh4xJWzXkBjtmXtDNIae', 'no_avt.png', 'Lecturers', '2019-09-18 00:59:40', '2019-09-18 00:59:40'),
(897, 'Ths. Bùi Đăng Hà Phương', 'bdhphuong@cit.ctu.edu.vn', '$2y$10$5fUqPftfAEHENutWuVFWoO7SK.JiO3jZc2n4/vKVC7tDK0tc9siki', 'no_avt.png', 'Lecturers', '2019-09-18 00:59:40', '2019-09-18 00:59:40'),
(898, 'Ths. Nguyễn Minh Khiêm', 'nmkhiem@cit.ctu.edu.vn', '$2y$10$2hTLcsEboAzkqq.dnbNRGOdkOCedKN1uffsXOmmJ8fNM/ThqjDYfK', 'no_avt.png', 'Lecturers', '2019-09-18 00:59:40', '2019-09-18 00:59:40'),
(899, 'Ths. Phạm Ngọc Quyền', 'pnquyen@cit.ctu.edu.vn', '$2y$10$jWfkkwf0g4VLO4.V1pcq8.KMtPiDO5ayrULTHpiXC2iYsN8/wx52O', 'no_avt.png', 'Lecturers', '2019-09-18 00:59:41', '2019-09-18 00:59:41'),
(900, 'Ths. GVC Võ Huỳnh Trâm', 'vhtram@cit.ctu.edu.vn', '$2y$10$a4CpEVKTNWsDpzsjr339tu3OxIkV/J1/KCxrLlTeQEctQ7f2axDEa', 'no_avt.png', 'Lecturers', '2019-09-18 00:59:41', '2019-09-18 00:59:41'),
(901, 'TS. Trương Minh Thái', 'tmthai@cit.ctu.edu.vn', '$2y$10$YEAKVmuzpAn6z5pNK4hNyehhhHnHUmoL7RX/YhEjHXkSq3JhgC5FO', 'no_avt.png', 'Lecturers', '2019-09-18 00:59:41', '2019-09-18 00:59:41'),
(902, 'PGS. TS. Huỳnh Xuân Hiệp', 'hxhiep@cit.ctu.edu.vn', '$2y$10$P/VMTOEIrT14H7J3IlirCO/Pz50q7UizJeIG5N0K.xOixz4RtnfMu', 'no_avt.png', 'Lecturers', '2019-09-18 00:59:41', '2019-09-18 00:59:41'),
(903, 'Ths. Trương Thị Thanh Tuyền', 'ttttuyen@cit.ctu.edu.vn', '$2y$10$5AUJe547JGv//jCctqkJvuO5jrNCItqLZ83po6etTG1/iJAgXwI/6', 'no_avt.png', 'Lecturers', '2019-09-18 00:59:41', '2019-09-18 00:59:41'),
(904, 'TS. Lâm Hoài Bảo', 'lhbao@cit.ctu.edu.vn', '$2y$10$VpiuC6fBzhayMA9ARyuDoe2Lhd08WKeN9r2oDKJNK40Jln13ys7oW', 'no_avt.png', 'Lecturers', '2019-09-18 00:59:41', '2019-09-18 00:59:41'),
(905, 'Ths. Phan Huy Cường', 'phcuong@cit.ctu.edu.vn', '$2y$10$Mq8pt.0.znco/cVouGTb1uRZkMTmxoHGGmGGRAym64IdB6CTtLxSq', 'no_avt.png', 'Lecturers', '2019-09-18 00:59:41', '2019-09-18 00:59:41'),
(906, 'TS. Huỳnh Quang Nghi', 'hqnghi@cit.ctu.edu.vn', '$2y$10$8QPjYp.aF5opKbUnTfBG2O7JAzfpcLSBnUPxyo2./A.Y/R0XTtZ4u', 'no_avt.png', 'Lecturers', '2019-09-18 00:59:42', '2019-09-18 00:59:42'),
(907, 'Ths. Cao Hoàng Giang (NCS)', 'chgiang@cit.ctu.edu.vn', '$2y$10$qkrFCXxQ5myuu2pDPzbJF.VU5nJV/3boz9h/MVc1ZK9jcRyVSdJLS', 'no_avt.png', 'Lecturers', '2019-09-18 00:59:42', '2019-09-18 00:59:42'),
(908, 'Ths. Phạm Thị Trúc Phương', 'pttphuong@cit.ctu.edu.vn', '$2y$10$hP/MNM18/KgNr/u2SnI.SedNaMuz4aF7hvR38tfdiriI4SA1AUMjG', 'no_avt.png', 'Tech', '2019-09-18 00:59:42', '2019-09-18 00:59:42'),
(909, 'Ths. Phan Phương Lan (NCS)', 'pplan@cit.ctu.edu.vn', '$2y$10$hQsUaCVkg2eixr6HiB0wr.9Bh4Jpgopjy/x/852.uC4NCQ8iUA1JS', 'no_avt.png', 'Lecturers', '2019-09-18 00:59:42', '2019-09-18 00:59:42'),
(910, 'TS. Nguyễn Công Danh ', 'ncdanh@cit.ctu.edu.vn', '$2y$10$4VfaJv4mWLsd9c23SrQ3A.rELN8aClKwgLPi3rcfJwmPNxtyBrg7i', 'no_avt.png', 'Lecturers', '2019-09-18 00:59:42', '2019-09-18 00:59:42'),
(911, 'Ths. Trần Văn Hoàng (NCS)', 'tvhoang@cit.ctu.edu.vn', '$2y$10$XiRoEkbCTGg8oAWiYrpm5OJ/8DW.TS/MqP06LMVzfvQSPFZqzbwZG', 'no_avt.png', 'Lecturers', '2019-09-18 00:59:42', '2019-09-18 00:59:42'),
(912, 'NCS. Hồ Quang Thái', 'hqthai@cit.ctu.edu.vn', '$2y$10$SKdNtFmdhJr1h4Lb/BYqXOKfBxJj1jLK9l2rwwQR3HCmq7Z9vJXUK', 'no_avt.png', 'Lecturers', '2019-09-18 00:59:42', '2019-09-18 00:59:42'),
(913, 'PGS. TS. Đỗ Thanh Nghị', 'dtnghi@cit.ctu.edu.vn', '$2y$10$WlACT5g/RnGdZKC4hIFU0uqy1Rt4HLaqcxxun.5c1YpUzJnYdJPw2', 'no_avt.png', 'Lecturers', '2019-09-18 00:59:43', '2019-09-18 00:59:43'),
(914, 'Ths. GVC Nguyễn Công Huy', 'nchuy@cit.ctu.edu.vn', '$2y$10$bAfK/HfXbqIT/iwrsyUuyOb1V1JEZm/tTcey3UB5NbtuiAttQUWZu', 'no_avt.png', 'Lecturers', '2019-09-18 00:59:43', '2019-09-18 00:59:43'),
(915, 'Ts. Ngô Bá Hùng', 'nbhung@cit.ctu.edu.vn', '$2y$10$T8oqCEexjMCJn9QvIMHZ/.P53xyL794xb0FbSjOriTt9nCUDrFwMK', 'no_avt.png', 'Lecturers', '2019-09-18 00:59:43', '2019-09-18 00:59:43'),
(916, 'Ths. Phạm Hữu Tài', 'phtai@cit.ctu.edu.vn', '$2y$10$2UPxV/DJD5fXgocGBzyHg.3xt4/aB1RCBElQlvLhLHQI/f4BHDqcO', 'no_avt.png', 'Lecturers', '2019-09-18 00:59:43', '2019-09-18 00:59:43'),
(917, 'Ts. Phan Thượng Cang ', 'ptcang@cit.ctu.edu.vn', '$2y$10$aMuHcx0Cv.avCog1OFtxW.utPH8oshJEcA0sGkcaZDHDPMK0I2LAC', 'no_avt.png', 'Lecturers', '2019-09-18 00:59:43', '2019-09-18 00:59:43'),
(918, 'Ks. Nguyễn Trọng Nghĩa', 'ntnghi@cit.ctu.edu.vn', '$2y$10$Is5j4YxEDgXJM4oUVyNQMuQltlwWpYOImjug07KMQeduk4AT8FUQi', 'no_avt.png', 'Lecturers', '2019-09-18 00:59:43', '2019-09-18 00:59:43'),
(919, 'NCS. Lâm Chí Nguyện', 'lcnguyen@cit.ctu.edu.vn', '$2y$10$80YHM5Yfrw9SrFaB50WPeehlOYVNkzioRLrlvhsIml5FteCVCXiSi', 'no_avt.png', 'Lecturers', '2019-09-18 00:59:43', '2019-09-18 00:59:43'),
(920, 'Ths. Nguyễn Cao Hồng Ngọc', 'nchngoc@cit.ctu.edu.vn', '$2y$10$RhUuwuIPU4MXYDb1X1QUP.s6ew6zct8YeReZltirzkxGYiPuCJWFS', 'no_avt.png', 'Lecturers', '2019-09-18 00:59:44', '2019-09-18 00:59:44'),
(921, 'NCS. Hà Duy An', 'hdan@cit.ctu.edu.vn', '$2y$10$Do6tMKL13ssDkiVv5ynR3utwevR7PGocNLzulb5826RELJWGSJXFm', 'no_avt.png', 'Lecturers', '2019-09-18 00:59:44', '2019-09-18 00:59:44'),
(922, 'Ths. Nguyễn Hữu Vân Long', 'nhvlong@cit.ctu.edu.vn', '$2y$10$dBSdHiHzb2VGNrgVJ9tS5.EcwFgIYgvJCi32ymNihI7rc7VXje3By', 'no_avt.png', 'Lecturers', '2019-09-18 00:59:44', '2019-09-18 00:59:44'),
(923, 'Ks. Triệu Thanh Ngoan', 'ttngoan@cit.ctu.edu.vn', '$2y$10$QEJpLyvs6oiQa/1LI4lF6.BeUKvSo03UHXVMRcGPONz4EZ9uzLsBO', 'no_avt.png', 'Lecturers', '2019-09-18 00:59:44', '2019-09-18 00:59:44'),
(924, 'NCS. Trần Thị Tố Quyên', 'tranthitoquyen@cit.ctu.edu.vn', '$2y$10$pV1KNEkqrbHWwMYiyGJHSeqG948hznI0B91OmmTZjDGD3PCqwL3ky', 'no_avt.png', 'Lecturers', '2019-09-18 00:59:44', '2019-09-18 00:59:44'),
(925, 'PGS. TS. Phạm Nguyên Khang', 'pnkhang@cit.ctu.edu.vn', '$2y$10$qea9KMzqd5tqfl4o4BTdyuN.98PzF3FxSfeAV5gJNQua9CLAClaOO', 'no_avt.png', 'Lecturers', '2019-09-18 00:59:44', '2019-09-18 00:59:44'),
(926, 'TS. Trần Nguyễn Minh Thư', 'tnmthu@ctu.edu.vn', '$2y$10$ord.VrYiKWfYjN1bEWEl3OtCOWpXqL/sxDobzzoJUaY4RNm3Dy/T2', 'no_avt.png', 'Lecturers', '2019-09-18 00:59:44', '2019-09-18 00:59:44'),
(927, 'TS.  GVC Lê Quyết Thắng', 'lqthang@cit.ctu.edu.vn', '$2y$10$R.Lk84cVOpoT8rl7fh8IN.bfIwvEWnh.UYSwKWk2POul1xJNNwb1e', 'no_avt.png', 'Lecturers', '2019-09-18 00:59:45', '2019-09-18 00:59:45'),
(928, 'Ths. Phạm Xuân Hiền', 'pxhien@cit.ctu.edu.vn', '$2y$10$TFvK5YOd/9aLpNXeM3WjRu0m926fWlAhozX0KvCNzHUHaq2t0Ma3.', 'no_avt.png', 'Lecturers', '2019-09-18 00:59:45', '2019-09-18 00:59:45'),
(929, 'Ths. Phạm Nguyên Hoàng', 'pnhoang@cit.ctu.edu.vn', '$2y$10$M1TPd9x8KtxVDUPJ/1S38ezKk/S6B9IRCo7bMF2PWns5zfvcabZOO', 'no_avt.png', 'Lecturers', '2019-09-18 00:59:45', '2019-09-18 00:59:45'),
(930, 'Ths. Lê Thị Phương Dung', 'ltpdung@cit.ctu.edu.vn', '$2y$10$4DyoP.TlNKLoj1ReYeJnVOvLI.e4G1w6oqYmQ2I5eiyaincfjPIem', 'no_avt.png', 'Lecturers', '2019-09-18 00:59:45', '2019-09-18 00:59:45'),
(931, 'NCS. Nguyễn Bá Diệp', 'nbdiep@cit.ctu.edu.vn', '$2y$10$KBQR0HFxCXFHEpmVowZy/OR9EWX6s2x6FLZt7xEGjbb/SyKUQsFXO', 'no_avt.png', 'Lecturers', '2019-09-18 00:59:45', '2019-09-18 00:59:45'),
(932, 'Ths. Võ Trí Thức', 'vtthuc@cit.ctu.edu.vn', '$2y$10$zwp6fie6ByRJdN7UGqBfM.anQe6n7zsAc6J/osdglr9sP04HBEYQ2', 'no_avt.png', 'Lecturers', '2019-09-18 00:59:45', '2019-09-18 00:59:45'),
(933, 'TS. Trần Việt Châu', 'tvchau@cit.ctu.edu.vn', '$2y$10$uWnDC2WfhHyQB4.IN0KThuzwyht3TDxSLoG9fxxhg4Y4hhvPPUNTC', 'no_avt.png', 'Lecturers', '2019-09-18 00:59:45', '2019-09-18 00:59:45'),
(934, 'Ths.Trần Nguyễn Dương Chi', 'tndchi@cit.ctu.edu.vn', '$2y$10$t7O5zvncG4BAgh.ON3ZiT.GS3SsLCPLmFg7hgWDfPts5L2UGtv2du', 'no_avt.png', 'Lecturers', '2019-09-18 00:59:46', '2019-09-18 00:59:46'),
(935, 'TS. GVC. Nguyễn Hữu Hòa', 'nhhoa@ctu.edu.vn', '$2y$10$ZX9aTrgrJtEl7qhUsqRBl.UAgu7z87LAD6Lt2oYwaov30jC1G66ZC', 'no_avt.png', 'Lecturers', '2019-09-18 00:59:46', '2019-09-18 00:59:46'),
(936, 'TS. GVC. Nguyễn Nhị Gia Vinh', 'nngvinh@ctu.edu.vn', '$2y$10$5gIUCc7zTMPpsDr8fsJiRu4084vuMZbFOntODjQy2BXERRStkbkj2', 'no_avt.png', 'Lecturers', '2019-09-18 00:59:46', '2019-09-18 00:59:46'),
(937, 'ThS. GVC. Nguyễn Đức Khoa   ', 'duckhoa@ctu.edu.vn', '$2y$10$6SLQMjPmG.6Dn/BMkDNt7e98XwE9Dl7YM.BY2O2WsQbMaOmJU0yNq', 'no_avt.png', 'Lecturers', '2019-09-18 00:59:46', '2019-09-18 00:59:46'),
(938, 'ThS. Hồ Văn Tú', 'hvtu@ctu.edu.vn', '$2y$10$Uv.L.H.VX5EavgquIV3nq.AQpgbgen53Z1X9BUkJauQU5VLDXs4du', 'no_avt.png', 'Lecturers', '2019-09-18 00:59:46', '2019-09-18 00:59:46'),
(939, 'TS. Bùi Quốc Chính', 'bqchinh@ctu.edu.vn', '$2y$10$ssPnp6S2t96p/VqIk6hSt.bMSp0wo/0KLT0UMqTzmgPQsSYqsjnQy', 'no_avt.png', 'Lecturers', '2019-09-18 00:59:46', '2019-09-18 00:59:46'),
(940, 'ThS. GVC. Nguyễn Minh Trung', 'trungnguyen@ctu.edu.vn', '$2y$10$kkMS858jHPIdJcHg6JQt9egnTB14eeuhyRihDZRo.bwMhpHCejvfa', 'no_avt.png', 'Lecturers', '2019-09-18 00:59:46', '2019-09-18 00:59:46'),
(941, 'ThS. GVC. Vũ Duy Linh     ', 'vdlinh@ctu.edu.vn', '$2y$10$m3MgGP.buwwjPGt7dOq1j.Xu.VPiTkJ6QvZhaJc8ULE1VLQLQdCIa', 'no_avt.png', 'Lecturers', '2019-09-18 00:59:47', '2019-09-18 00:59:47'),
(942, 'ThS. Lê Thị Diễm', 'ltdiem@ctu.edu.vn', '$2y$10$ddMmoSIkRb41xKRESQg2VuUFs4Pft5ccPhbXGW6DgvmrviKfMoMDW', 'no_avt.png', 'Lecturers', '2019-09-18 00:59:47', '2019-09-18 00:59:47'),
(943, 'ThS. Huỳnh Phụng Toàn', 'hptoan@ctu.edu.vn', '$2y$10$IUX1B/NBTPE/is2cVcENReBWLdwe.jJM7J2OzVvXJjpCto5qgd/Dq', 'no_avt.png', 'Lecturers', '2019-09-18 00:59:47', '2019-09-18 00:59:47'),
(944, 'ThS. Hoàng Minh Trí', 'hmtri@ctu.edu.vn', '$2y$10$g.71gzorCQy4hfkeV7iROeFk/iD/vI7smuR/hls1qROW3MEp.0njG', 'no_avt.png', 'Lecturers', '2019-09-18 00:59:47', '2019-09-18 00:59:47'),
(945, 'ThS. Nguyễn Thị Thùy Linh', 'nttlinh@ctu.edu.vn', '$2y$10$NvOKL4FxMsxi7GaEPPllqeSMQmTaPLkTqlNfjdr1pyAWxEUFjBTqq', 'no_avt.png', 'Lecturers', '2019-09-18 00:59:47', '2019-09-18 00:59:47'),
(946, 'ThS. Lê Minh Lý', 'leminhly@ctu.edu.vn', '$2y$10$131WQuFcQyIMPDMTjw1rIO7H5uelralaH7ge2on5N.MYYLxq95SZ6', 'no_avt.png', 'Lecturers', '2019-09-18 00:59:47', '2019-09-18 00:59:47'),
(947, 'ThS. Đặng Mỹ Hạnh', 'dmhanh@ctu.edu.vn', '$2y$10$6mpN1ThDhw8Em9OUYj7.nud0Vz9LPT3Z39dI4O07oYznuoRBJgSl.', 'no_avt.png', 'Lecturers', '2019-09-18 00:59:47', '2019-09-18 00:59:47'),
(948, 'ThS. Phạm Trương Hồng Ngân', 'pthngan@ctu.edu.vn', '$2y$10$/IyM4h4ZYv83bB1o98DhqeGP28FLY4Cm8ZYejFssD55LqbpTkx3U2', 'no_avt.png', 'Lecturers', '2019-09-18 00:59:48', '2019-09-18 00:59:48'),
(949, 'ThS. Võ Hải Đăng                ', 'vhdang@ctu.edu.vn', '$2y$10$d3kquTM7Yhbmqaye/e2GvuUWu3HwDqzqfbgp5uJlSTyVJMsyBLJB2', 'no_avt.png', 'Lecturers', '2019-09-18 00:59:48', '2019-09-18 00:59:48'),
(950, 'ThS. Lê Văn Quan', 'lvquan@ctu.edu.vn', '$2y$10$VinEq.Bz0wLoa1E4jkpJze/uZngpfOZJMIBoiF...2FVbF1BnLCkG', 'no_avt.png', 'Lecturers', '2019-09-18 00:59:48', '2019-09-18 00:59:48'),
(951, 'KTV. Nguyễn Phúc Lộc', 'phucloc@ctu.edu.vn', '$2y$10$eAYwiA9HruIPhsKP8wAkpOFSNqDV.n12dc4OHWGrmUKlyHQs/txJ2', 'no_avt.png', 'Lecturers', '2019-09-18 00:59:48', '2019-09-18 00:59:48'),
(952, 'Ths. Nguyễn Thị Thủy Chung', 'nttchung@cit.ctu.edu.vn', '$2y$10$OKW63roZheT9G93KU6PrAuX3dyQY5Si.uwsz0fZiBlpM17OGlMdEK', 'no_avt.png', 'Tech', '2019-09-18 00:59:48', '2019-09-18 00:59:48'),
(953, 'TC Trị', 'tctri@cit.ctu.edu.vn', '$2y$10$l8yAr/bi/IqgktpYefpopef/B6z9FbXsrnwxqlKP3alVaK7st7cHW', 'no_avt.png', 'Tech', '2019-09-18 00:59:48', '2019-09-18 00:59:48'),
(954, 'QM Quân', 'qmquan@cit.ctu.edu.vn', '$2y$10$kex4zjP/KOQluaRKcVw.4ugXqSL9OGJfSTJt2hqjTK7NcoB/2lRpu', 'no_avt.png', 'Tech', '2019-09-18 00:59:48', '2019-09-18 00:59:48'),
(955, 'HT Hảo', 'hthao@cit.ctu.edu.vn', '$2y$10$GhkVFXbKECBLtszKihXqp.ZVeU6F95zfK0f0RFWD54UKqdWRa180e', 'no_avt.png', 'Tech', '2019-09-18 00:59:49', '2019-09-18 00:59:49'),
(956, 'ĐH Tuấn', 'dhtuan@cit.ctu.edu.vn', '$2y$10$cMx6YzozfBbsUhgSabCNXuSGiPnoaeLdO01/8ohFi.V.3a/SYJjIS', 'no_avt.png', 'Tech', '2019-09-18 00:59:49', '2019-09-18 00:59:49'),
(957, 'NP Lộc', 'nploc@cit.ctu.edu.vn', '$2y$10$b2mJvSrCV9G1yETsavcuN.kzGrQP.yETVY3kHJTWsDZF8l.Sr54ge', 'no_avt.png', 'Tech', '2019-09-18 00:59:49', '2019-09-18 00:59:49'),
(989, 'A', 'B1507301@student.ctu.edu.vn', '$2y$10$czvX7mWm/Q80kkjtGISdjOiM.XXViiQEjyHfWzpuJEtrsQxTS3HBG', 'no_avt.png', 'Student', '2019-09-19 02:41:58', '2019-09-19 02:41:58'),
(990, 'B', 'B1507302@student.ctu.edu.vn', '$2y$10$4G63VMjL.fZ/otMr1TQedeuPhK5HjcZvv6xhl4j5wBSMu4jeYDRdS', 'no_avt.png', 'Student', '2019-09-19 02:41:58', '2019-09-19 02:41:58'),
(991, 'A', 'B1507303@student.ctu.edu.vn', '$2y$10$d4JzTX9lN6nXrvIZGuYSOOCs.Y3O1rpOIe35yLBW56L7ZSVaQ7L1a', 'no_avt.png', 'Student', '2019-09-19 02:41:58', '2019-09-19 02:41:58'),
(992, 'B', 'B1507304@student.ctu.edu.vn', '$2y$10$ads5Njh02pGhRKdfRelbvO1Sp7rwoCureELo.ostSYRFrKRDwTHWi', 'no_avt.png', 'Student', '2019-09-19 02:41:58', '2019-09-19 02:41:58'),
(993, 'A', 'B1507305@student.ctu.edu.vn', '$2y$10$5tqGxfegOj.2d2NEntQ0XOhkqyOKTYlNUzggxIZ9BekBRV8FwzeuO', 'no_avt.png', 'Student', '2019-09-19 02:41:58', '2019-09-19 02:41:58'),
(994, 'B', 'B1507306@student.ctu.edu.vn', '$2y$10$FBNEFTD8iZWK3rKPXm20WOcED2oVEu8wz68oWIxLSpCuXFYWdWF7W', 'no_avt.png', 'Student', '2019-09-19 02:41:58', '2019-09-19 02:41:58'),
(995, 'A', 'B1507307@student.ctu.edu.vn', '$2y$10$h0qsiuI7CJYbZvknyMQMLejASffol9cMFSYg0PfMQ41jUbJsG31E2', 'no_avt.png', 'Student', '2019-09-19 02:41:58', '2019-09-19 02:41:58'),
(996, 'B', 'B1507308@student.ctu.edu.vn', '$2y$10$bWZfTmElPeHRE5gG9K120eUMYU5ohD9hOW0ZcFwLu.IYAGFYRoKtS', 'no_avt.png', 'Student', '2019-09-19 02:41:59', '2019-09-19 02:41:59'),
(997, 'A', 'B1507309@student.ctu.edu.vn', '$2y$10$6SY6WIoVkzXGn6K1zfid4.wMA6KBj9zLW457viRJRJR1FAgKgMzrW', 'no_avt.png', 'Student', '2019-09-19 02:41:59', '2019-09-19 02:41:59'),
(998, 'B', 'B1507310@student.ctu.edu.vn', '$2y$10$mAIgUVtR56bjFlNo7fuHZeJGV4XLpHobSbtQAB4593SI3yDJp5k9C', 'no_avt.png', 'Student', '2019-09-19 02:41:59', '2019-09-19 02:41:59'),
(999, 'A', 'B1507311@student.ctu.edu.vn', '$2y$10$squjldMNzrC2wsOjmE.8g.s2v0hWY.TjM7R3pNPIt098QJU2CaSJW', 'no_avt.png', 'Student', '2019-09-19 02:41:59', '2019-09-19 02:41:59'),
(1000, 'B', 'B1507312@student.ctu.edu.vn', '$2y$10$q9ZdFHxo1MDSMhJEe67q6OZ5ADBXUfPl7VANFZIXSPSmRMD2gIM6W', 'no_avt.png', 'Student', '2019-09-19 02:41:59', '2019-09-19 02:41:59'),
(1001, 'A', 'B1507313@student.ctu.edu.vn', '$2y$10$Nzfk4ecbijLjOH9gE/3AYOuPakYVbj8d.MjGUWkY8NL9q6hW.CDRu', 'no_avt.png', 'Student', '2019-09-19 02:41:59', '2019-09-19 02:41:59'),
(1002, 'B', 'B1507314@student.ctu.edu.vn', '$2y$10$xk8Mz/7OHXeuNtHRUCEUb.N4BWDAxcNTyiNExSjzxu4gGWOb/kyCO', 'no_avt.png', 'Student', '2019-09-19 02:41:59', '2019-09-19 02:41:59'),
(1003, 'A', 'B1507315@student.ctu.edu.vn', '$2y$10$GI3yWyzUxDeqpffMpx6.OuY9.FbPXoQS8i6oAOEzBVAgEvUevtLrC', 'no_avt.png', 'Student', '2019-09-19 02:41:59', '2019-09-19 02:41:59'),
(1004, 'B', 'B1507316@student.ctu.edu.vn', '$2y$10$VNkb5zqj2cs3RzQAVOtpxOs2e/Pb/gEkAaBjhhoN5bpvKz0OzxS.2', 'no_avt.png', 'Student', '2019-09-19 02:41:59', '2019-09-19 02:41:59'),
(1005, 'A', 'B1507317@student.ctu.edu.vn', '$2y$10$7Ll0q1I2anpDLmqgcwijUew7C.Lj/Se9mCCybzx6pY7pGAlA6cIPq', 'no_avt.png', 'Student', '2019-09-19 02:41:59', '2019-09-19 02:41:59'),
(1006, 'B', 'B1507318@student.ctu.edu.vn', '$2y$10$M5VDPwxtu3CNEEf1iFBsBuBVMkBQaDwBpQccVsgqsA/UeB9a7l6jK', 'no_avt.png', 'Student', '2019-09-19 02:41:59', '2019-09-19 02:41:59'),
(1007, 'A', 'B1507319@student.ctu.edu.vn', '$2y$10$gKsKtjmlbJO0uqseYZlFQeRAqkqQQrmbAUe/4BcbHHFt192t5JuYS', 'no_avt.png', 'Student', '2019-09-19 02:41:59', '2019-09-19 02:41:59'),
(1008, 'B', 'B1507320@student.ctu.edu.vn', '$2y$10$iRFjiPKkz7KWV/6LZ783O.f66LfUhKtFCselJ/16z9sUTokzfRg2G', 'no_avt.png', 'Student', '2019-09-19 02:42:00', '2019-09-19 02:42:00'),
(1009, 'test', 'test@gmail.com', '$2y$10$83ZwcTvDWguKETN47zpEgOrFqJ5NnRJmPEaR8HRNQd8kI5JXK0.Uy', 'no_avt.png', 'Student', '2019-11-05 07:22:41', '2019-11-05 07:22:41');

-- --------------------------------------------------------

--
-- Cấu trúc bảng cho bảng `yc_pm`
--

CREATE TABLE `yc_pm` (
  `id_ycpm` bigint(20) NOT NULL,
  `id_chitietyc` bigint(20) NOT NULL,
  `id_pm` bigint(20) NOT NULL,
  `created_at` timestamp NOT NULL DEFAULT CURRENT_TIMESTAMP,
  `updated_at` timestamp NOT NULL DEFAULT CURRENT_TIMESTAMP
) ENGINE=InnoDB DEFAULT CHARSET=utf8 COLLATE=utf8_unicode_ci;

--
-- Đang đổ dữ liệu cho bảng `yc_pm`
--

INSERT INTO `yc_pm` (`id_ycpm`, `id_chitietyc`, `id_pm`, `created_at`, `updated_at`) VALUES
(8, 17, 2, '2019-10-13 00:39:09', '2019-10-13 00:39:09'),
(9, 17, 1, '2019-10-13 00:39:09', '2019-10-13 00:39:09'),
(10, 19, 2, '2019-10-13 00:50:36', '2019-10-13 00:50:36'),
(11, 19, 1, '2019-10-13 00:50:36', '2019-10-13 00:50:36'),
(12, 20, 2, '2019-10-13 00:55:21', '2019-10-13 00:55:21'),
(13, 20, 1, '2019-10-13 00:55:21', '2019-10-13 00:55:21'),
(14, 21, 2, '2019-10-13 05:33:35', '2019-10-13 05:33:35'),
(15, 21, 1, '2019-10-13 05:33:35', '2019-10-13 05:33:35'),
(16, 22, 2, '2019-10-20 21:50:27', '2019-10-20 21:50:27'),
(17, 22, 3, '2019-10-20 21:50:27', '2019-10-20 21:50:27'),
(18, 23, 2, '2019-10-20 21:50:51', '2019-10-20 21:50:51'),
(19, 23, 1, '2019-10-20 21:50:51', '2019-10-20 21:50:51'),
(20, 23, 3, '2019-10-20 21:50:51', '2019-10-20 21:50:51');

-- --------------------------------------------------------

--
-- Cấu trúc bảng cho bảng `yeucau_lth`
--

CREATE TABLE `yeucau_lth` (
  `id_yeucau` bigint(20) NOT NULL,
  `status` varchar(255) COLLATE utf8_unicode_ci NOT NULL,
  `created_at` timestamp NOT NULL DEFAULT CURRENT_TIMESTAMP,
  `updated_at` timestamp NOT NULL DEFAULT CURRENT_TIMESTAMP
) ENGINE=InnoDB DEFAULT CHARSET=utf8 COLLATE=utf8_unicode_ci;

--
-- Đang đổ dữ liệu cho bảng `yeucau_lth`
--

INSERT INTO `yeucau_lth` (`id_yeucau`, `status`, `created_at`, `updated_at`) VALUES
(20, '0', '2019-10-13 00:50:36', '2019-10-13 00:50:36'),
(22, '0', '2019-10-13 00:55:21', '2019-10-13 00:55:21'),
(23, '0', '2019-10-20 21:50:27', '2019-10-20 21:50:27'),
(24, '0', '2019-10-20 21:50:51', '2019-10-20 21:50:51');

--
-- Chỉ mục cho các bảng đã đổ
--

--
-- Chỉ mục cho bảng `buoi_th`
--
ALTER TABLE `buoi_th`
  ADD PRIMARY KEY (`id_buoi`),
  ADD KEY `id_lophp` (`ma_lophp`);

--
-- Chỉ mục cho bảng `can_bo`
--
ALTER TABLE `can_bo`
  ADD PRIMARY KEY (`ma_canbo`),
  ADD KEY `id_account` (`id_account`);

--
-- Chỉ mục cho bảng `chitiet_yc`
--
ALTER TABLE `chitiet_yc`
  ADD PRIMARY KEY (`id_chitietyc`),
  ADD KEY `ma_canbo` (`ma_canbo`),
  ADD KEY `ma_lophp` (`ma_lophp`),
  ADD KEY `id_yeucau` (`id_yeucau`);

--
-- Chỉ mục cho bảng `diem_danh`
--
ALTER TABLE `diem_danh`
  ADD PRIMARY KEY (`id_dd`),
  ADD KEY `mssv` (`id_sv_lhp`),
  ADD KEY `ma_lophp` (`id_tuanyc`),
  ADD KEY `ma_canbo` (`ma_canbo`);

--
-- Chỉ mục cho bảng `hoc_ky`
--
ALTER TABLE `hoc_ky`
  ADD PRIMARY KEY (`id_hk`);

--
-- Chỉ mục cho bảng `lop`
--
ALTER TABLE `lop`
  ADD PRIMARY KEY (`ma_lop`),
  ADD KEY `id_nganh` (`ma_nganh`);

--
-- Chỉ mục cho bảng `lop_hp`
--
ALTER TABLE `lop_hp`
  ADD PRIMARY KEY (`ma_lophp`),
  ADD KEY `id_canbo` (`ma_canbo`),
  ADD KEY `id_monhoc` (`ma_mon`),
  ADD KEY `id_hk` (`id_hk`);

--
-- Chỉ mục cho bảng `mon_hoc`
--
ALTER TABLE `mon_hoc`
  ADD PRIMARY KEY (`ma_mon`);

--
-- Chỉ mục cho bảng `nganh`
--
ALTER TABLE `nganh`
  ADD PRIMARY KEY (`ma_nganh`);

--
-- Chỉ mục cho bảng `phan_hoi`
--
ALTER TABLE `phan_hoi`
  ADD PRIMARY KEY (`id_phanhoi`),
  ADD KEY `id_sv_lhp` (`id_sv_lhp`);

--
-- Chỉ mục cho bảng `phan_mem`
--
ALTER TABLE `phan_mem`
  ADD PRIMARY KEY (`id_pm`);

--
-- Chỉ mục cho bảng `phong`
--
ALTER TABLE `phong`
  ADD PRIMARY KEY (`id_phong`);

--
-- Chỉ mục cho bảng `pm_thuoc_phong`
--
ALTER TABLE `pm_thuoc_phong`
  ADD PRIMARY KEY (`id_pm_p`),
  ADD KEY `id_pm` (`id_pm`),
  ADD KEY `id_phong` (`id_phong`);

--
-- Chỉ mục cho bảng `sap_xep`
--
ALTER TABLE `sap_xep`
  ADD PRIMARY KEY (`id_sx`),
  ADD KEY `id_chitietyc` (`id_tuanyc`),
  ADD KEY `id_phong` (`id_phong`);

--
-- Chỉ mục cho bảng `sinh_vien`
--
ALTER TABLE `sinh_vien`
  ADD PRIMARY KEY (`mssv`),
  ADD KEY `ma_lop` (`ma_lop`),
  ADD KEY `id_account` (`id_account`);

--
-- Chỉ mục cho bảng `sv_hoc_lhp`
--
ALTER TABLE `sv_hoc_lhp`
  ADD PRIMARY KEY (`id_sv_lhp`),
  ADD KEY `mssv` (`mssv`),
  ADD KEY `ma_lophp` (`ma_lophp`);

--
-- Chỉ mục cho bảng `tuan_th`
--
ALTER TABLE `tuan_th`
  ADD PRIMARY KEY (`id_tuan`),
  ADD KEY `id_hk` (`id_hk`);

--
-- Chỉ mục cho bảng `tuan_theo_yc`
--
ALTER TABLE `tuan_theo_yc`
  ADD PRIMARY KEY (`id_tuanyc`),
  ADD KEY `id_chitietyc` (`id_chitietyc`),
  ADD KEY `id_tuan` (`id_tuan`);

--
-- Chỉ mục cho bảng `users`
--
ALTER TABLE `users`
  ADD PRIMARY KEY (`id`);

--
-- Chỉ mục cho bảng `yc_pm`
--
ALTER TABLE `yc_pm`
  ADD PRIMARY KEY (`id_ycpm`),
  ADD KEY `id_chitietyc` (`id_chitietyc`),
  ADD KEY `id_pm` (`id_pm`);

--
-- Chỉ mục cho bảng `yeucau_lth`
--
ALTER TABLE `yeucau_lth`
  ADD PRIMARY KEY (`id_yeucau`);

--
-- AUTO_INCREMENT cho các bảng đã đổ
--

--
-- AUTO_INCREMENT cho bảng `buoi_th`
--
ALTER TABLE `buoi_th`
  MODIFY `id_buoi` bigint(20) NOT NULL AUTO_INCREMENT, AUTO_INCREMENT=276;

--
-- AUTO_INCREMENT cho bảng `chitiet_yc`
--
ALTER TABLE `chitiet_yc`
  MODIFY `id_chitietyc` bigint(20) NOT NULL AUTO_INCREMENT, AUTO_INCREMENT=24;

--
-- AUTO_INCREMENT cho bảng `diem_danh`
--
ALTER TABLE `diem_danh`
  MODIFY `id_dd` bigint(20) NOT NULL AUTO_INCREMENT, AUTO_INCREMENT=69;

--
-- AUTO_INCREMENT cho bảng `hoc_ky`
--
ALTER TABLE `hoc_ky`
  MODIFY `id_hk` bigint(20) NOT NULL AUTO_INCREMENT, AUTO_INCREMENT=14;

--
-- AUTO_INCREMENT cho bảng `phan_hoi`
--
ALTER TABLE `phan_hoi`
  MODIFY `id_phanhoi` bigint(20) NOT NULL AUTO_INCREMENT, AUTO_INCREMENT=5;

--
-- AUTO_INCREMENT cho bảng `phan_mem`
--
ALTER TABLE `phan_mem`
  MODIFY `id_pm` bigint(20) NOT NULL AUTO_INCREMENT, AUTO_INCREMENT=5;

--
-- AUTO_INCREMENT cho bảng `phong`
--
ALTER TABLE `phong`
  MODIFY `id_phong` bigint(20) NOT NULL AUTO_INCREMENT, AUTO_INCREMENT=6;

--
-- AUTO_INCREMENT cho bảng `pm_thuoc_phong`
--
ALTER TABLE `pm_thuoc_phong`
  MODIFY `id_pm_p` bigint(20) NOT NULL AUTO_INCREMENT, AUTO_INCREMENT=12;

--
-- AUTO_INCREMENT cho bảng `sap_xep`
--
ALTER TABLE `sap_xep`
  MODIFY `id_sx` bigint(20) NOT NULL AUTO_INCREMENT, AUTO_INCREMENT=38;

--
-- AUTO_INCREMENT cho bảng `sv_hoc_lhp`
--
ALTER TABLE `sv_hoc_lhp`
  MODIFY `id_sv_lhp` bigint(20) NOT NULL AUTO_INCREMENT, AUTO_INCREMENT=117;

--
-- AUTO_INCREMENT cho bảng `tuan_th`
--
ALTER TABLE `tuan_th`
  MODIFY `id_tuan` bigint(20) NOT NULL AUTO_INCREMENT, AUTO_INCREMENT=61;

--
-- AUTO_INCREMENT cho bảng `tuan_theo_yc`
--
ALTER TABLE `tuan_theo_yc`
  MODIFY `id_tuanyc` bigint(20) NOT NULL AUTO_INCREMENT, AUTO_INCREMENT=48;

--
-- AUTO_INCREMENT cho bảng `users`
--
ALTER TABLE `users`
  MODIFY `id` bigint(20) NOT NULL AUTO_INCREMENT, AUTO_INCREMENT=1010;

--
-- AUTO_INCREMENT cho bảng `yc_pm`
--
ALTER TABLE `yc_pm`
  MODIFY `id_ycpm` bigint(20) NOT NULL AUTO_INCREMENT, AUTO_INCREMENT=21;

--
-- AUTO_INCREMENT cho bảng `yeucau_lth`
--
ALTER TABLE `yeucau_lth`
  MODIFY `id_yeucau` bigint(20) NOT NULL AUTO_INCREMENT, AUTO_INCREMENT=25;

--
-- Các ràng buộc cho các bảng đã đổ
--

--
-- Các ràng buộc cho bảng `buoi_th`
--
ALTER TABLE `buoi_th`
  ADD CONSTRAINT `buoi_th_ibfk_1` FOREIGN KEY (`ma_lophp`) REFERENCES `lop_hp` (`ma_lophp`) ON DELETE NO ACTION ON UPDATE CASCADE;

--
-- Các ràng buộc cho bảng `can_bo`
--
ALTER TABLE `can_bo`
  ADD CONSTRAINT `can_bo_ibfk_1` FOREIGN KEY (`id_account`) REFERENCES `users` (`id`) ON DELETE NO ACTION ON UPDATE CASCADE;

--
-- Các ràng buộc cho bảng `chitiet_yc`
--
ALTER TABLE `chitiet_yc`
  ADD CONSTRAINT `chitiet_yc_ibfk_1` FOREIGN KEY (`ma_canbo`) REFERENCES `can_bo` (`ma_canbo`) ON DELETE CASCADE ON UPDATE CASCADE,
  ADD CONSTRAINT `chitiet_yc_ibfk_2` FOREIGN KEY (`ma_lophp`) REFERENCES `lop_hp` (`ma_lophp`) ON DELETE CASCADE ON UPDATE CASCADE,
  ADD CONSTRAINT `chitiet_yc_ibfk_4` FOREIGN KEY (`id_yeucau`) REFERENCES `yeucau_lth` (`id_yeucau`) ON DELETE CASCADE ON UPDATE CASCADE;

--
-- Các ràng buộc cho bảng `diem_danh`
--
ALTER TABLE `diem_danh`
  ADD CONSTRAINT `diem_danh_ibfk_1` FOREIGN KEY (`id_sv_lhp`) REFERENCES `sv_hoc_lhp` (`id_sv_lhp`) ON DELETE CASCADE ON UPDATE CASCADE,
  ADD CONSTRAINT `diem_danh_ibfk_2` FOREIGN KEY (`ma_canbo`) REFERENCES `can_bo` (`ma_canbo`) ON DELETE CASCADE ON UPDATE CASCADE,
  ADD CONSTRAINT `diem_danh_ibfk_3` FOREIGN KEY (`id_tuanyc`) REFERENCES `tuan_theo_yc` (`id_tuanyc`) ON DELETE CASCADE ON UPDATE CASCADE;

--
-- Các ràng buộc cho bảng `lop`
--
ALTER TABLE `lop`
  ADD CONSTRAINT `lop_ibfk_1` FOREIGN KEY (`ma_nganh`) REFERENCES `nganh` (`ma_nganh`) ON DELETE NO ACTION ON UPDATE CASCADE;

--
-- Các ràng buộc cho bảng `lop_hp`
--
ALTER TABLE `lop_hp`
  ADD CONSTRAINT `lop_hp_ibfk_1` FOREIGN KEY (`ma_canbo`) REFERENCES `can_bo` (`ma_canbo`) ON DELETE NO ACTION ON UPDATE CASCADE,
  ADD CONSTRAINT `lop_hp_ibfk_2` FOREIGN KEY (`ma_mon`) REFERENCES `mon_hoc` (`ma_mon`) ON DELETE NO ACTION ON UPDATE CASCADE,
  ADD CONSTRAINT `lop_hp_ibfk_3` FOREIGN KEY (`id_hk`) REFERENCES `hoc_ky` (`id_hk`) ON DELETE NO ACTION ON UPDATE CASCADE;

--
-- Các ràng buộc cho bảng `phan_hoi`
--
ALTER TABLE `phan_hoi`
  ADD CONSTRAINT `phan_hoi_ibfk_1` FOREIGN KEY (`id_sv_lhp`) REFERENCES `sv_hoc_lhp` (`id_sv_lhp`) ON DELETE NO ACTION ON UPDATE CASCADE;

--
-- Các ràng buộc cho bảng `pm_thuoc_phong`
--
ALTER TABLE `pm_thuoc_phong`
  ADD CONSTRAINT `pm_thuoc_phong_ibfk_1` FOREIGN KEY (`id_pm`) REFERENCES `phan_mem` (`id_pm`) ON DELETE NO ACTION ON UPDATE CASCADE,
  ADD CONSTRAINT `pm_thuoc_phong_ibfk_2` FOREIGN KEY (`id_phong`) REFERENCES `phong` (`id_phong`) ON DELETE NO ACTION ON UPDATE CASCADE;

--
-- Các ràng buộc cho bảng `sap_xep`
--
ALTER TABLE `sap_xep`
  ADD CONSTRAINT `sap_xep_ibfk_2` FOREIGN KEY (`id_phong`) REFERENCES `phong` (`id_phong`) ON DELETE CASCADE ON UPDATE CASCADE,
  ADD CONSTRAINT `sap_xep_ibfk_3` FOREIGN KEY (`id_tuanyc`) REFERENCES `tuan_theo_yc` (`id_tuanyc`) ON DELETE CASCADE ON UPDATE CASCADE;

--
-- Các ràng buộc cho bảng `sinh_vien`
--
ALTER TABLE `sinh_vien`
  ADD CONSTRAINT `sinh_vien_ibfk_1` FOREIGN KEY (`id_account`) REFERENCES `users` (`id`) ON DELETE NO ACTION ON UPDATE CASCADE,
  ADD CONSTRAINT `sinh_vien_ibfk_2` FOREIGN KEY (`ma_lop`) REFERENCES `lop` (`ma_lop`) ON DELETE NO ACTION ON UPDATE CASCADE;

--
-- Các ràng buộc cho bảng `sv_hoc_lhp`
--
ALTER TABLE `sv_hoc_lhp`
  ADD CONSTRAINT `sv_hoc_lhp_ibfk_1` FOREIGN KEY (`mssv`) REFERENCES `sinh_vien` (`mssv`) ON DELETE NO ACTION ON UPDATE CASCADE,
  ADD CONSTRAINT `sv_hoc_lhp_ibfk_2` FOREIGN KEY (`ma_lophp`) REFERENCES `lop_hp` (`ma_lophp`) ON DELETE NO ACTION ON UPDATE CASCADE;

--
-- Các ràng buộc cho bảng `tuan_th`
--
ALTER TABLE `tuan_th`
  ADD CONSTRAINT `tuan_th_ibfk_1` FOREIGN KEY (`id_hk`) REFERENCES `hoc_ky` (`id_hk`) ON DELETE NO ACTION ON UPDATE CASCADE;

--
-- Các ràng buộc cho bảng `tuan_theo_yc`
--
ALTER TABLE `tuan_theo_yc`
  ADD CONSTRAINT `tuan_theo_yc_ibfk_1` FOREIGN KEY (`id_chitietyc`) REFERENCES `chitiet_yc` (`id_chitietyc`) ON DELETE CASCADE ON UPDATE CASCADE,
  ADD CONSTRAINT `tuan_theo_yc_ibfk_2` FOREIGN KEY (`id_tuan`) REFERENCES `tuan_th` (`id_tuan`) ON DELETE CASCADE ON UPDATE CASCADE;

--
-- Các ràng buộc cho bảng `yc_pm`
--
ALTER TABLE `yc_pm`
  ADD CONSTRAINT `yc_pm_ibfk_1` FOREIGN KEY (`id_pm`) REFERENCES `phan_mem` (`id_pm`) ON DELETE NO ACTION ON UPDATE CASCADE;
COMMIT;

/*!40101 SET CHARACTER_SET_CLIENT=@OLD_CHARACTER_SET_CLIENT */;
/*!40101 SET CHARACTER_SET_RESULTS=@OLD_CHARACTER_SET_RESULTS */;
/*!40101 SET COLLATION_CONNECTION=@OLD_COLLATION_CONNECTION */;
